,Game Title,Platform
0,Ridge Racer Unbounded,PC
1,Skullgirls: Encore,PlayStation 3
2,Gettysburg: Armored Warfare,PC
3,Skullgirls: Encore,Xbox 360
4,Fez,Xbox 360
5,Anomaly: Warzone Earth,Xbox 360
6,World Gone Sour,PlayStation 3
7,World Gone Sour,Xbox 360
8,The Witcher 2: Assassins of Kings,Xbox 360
9,Botanicula,PC
10,Pandora's Tower,Wii
11,Confrontation,PC
12,Legend of Grimrock,PC
13,LEGO Harry Potter: Years 5-7,PlayStation Vita
14,Tribes: Ascend,PC
15,Men of War: Condemned Heroes,PC
16,Naval War: Arctic Circle,PC
17,Phantom Breaker,Xbox 360
18,Superbrothers: Sword & Sworcery EP,PC
19,FIFA Soccer 12,PlayStation 3
20,FIFA Soccer 12,Xbox 360
21,Tales of Graces F,PlayStation 3
22,Trials Evolution,Xbox 360
23,Prototype 2,Xbox 360
24,Prototype 2,PlayStation 3
25,The Walking Dead: A Telltale Games Series,PC
26,The Walking Dead: A Telltale Games Series,PlayStation 3
27,Bloodforge,Xbox 360
28,Mortal Kombat (2011),PlayStation Vita
29,The Walking Dead: A Telltale Games Series,Xbox 360
30,Fable Heroes,Xbox 360
31,Sniper Elite V2,PC
32,Sniper Elite V2,Xbox 360
33,Risen 2: Dark Waters,PC
34,Lone Survivor,PC
35,Fireburst,PC
36,A Valley Without Wind,PC
37,Revelations 2012,PC
38,Starhawk,PlayStation 3
39,Minecraft,Xbox 360
40,Street Fighter X Tekken,PC
41,Datura,PlayStation 3
42,Awesomenauts,Xbox 360
43,Port Royale 3: Pirates and Merchants,PC
44,Mario Tennis Open,3DS
45,Max Payne 3,Xbox 360
46,Max Payne 3,PlayStation 3
47,Akai Katana Shin,Xbox 360
48,TERA,PC
49,Game of Thrones,Xbox 360
50,Warlock: Master of the Arcane,PC
51,Game of Thrones,PlayStation 3
52,Sonic the Hedgehog 4: Episode II,Xbox 360
53,Tom Clancy's Ghost Recon: Future Soldier,Xbox 360
54,Sonic the Hedgehog 4: Episode II,PlayStation 3
55,Sonic the Hedgehog 4: Episode II,PC
56,Diablo III,PC
57,DiRT Showdown,Xbox 360
58,Resident Evil: Operation Raccoon City,PC
59,Battleship (2012),Xbox 360
60,Dragon's Lair,Xbox 360
61,Combat Carnage,PC
62,Resistance: Burning Skies,PlayStation Vita
63,Dragon's Dogma,Xbox 360
64,Dragon's Dogma,PlayStation 3
65,Doctor Who: The Eternity Clock,PlayStation 3
66,Mad Riders,Xbox 360
67,Batman: Arkham City,Xbox 360
68,Alan Wake's American Nightmare,PC
69,DiRT Showdown,PlayStation 3
70,Sorcery,PlayStation 3
71,Men in Black: Alien Crisis,Xbox 360
72,Men in Black: Alien Crisis,PlayStation 3
73,Shifting World,3DS
74,Inversion,Xbox 360
75,World of Battles: Morningstar,PC
76,Iron Front: Liberation 1944,PC
77,Atelier Meruru: The Apprentice of Arland,PlayStation 3
78,Home,PC
79,Gravity Rush,PlayStation Vita
80,Babel Rising,Xbox 360
81,Virtua Fighter 5: Final Showdown,Xbox 360
82,Virtua Fighter 5: Final Showdown,PlayStation 3
83,Lollipop Chainsaw,Xbox 360
84,Max Payne 3,PC
85,Lollipop Chainsaw,PlayStation 3
86,Velocity,PSP
87,Steel Battalion: Heavy Armor,Xbox 360
88,Pokemon Conquest,DS
89,Sid Meier's Civilization V,PC
90,Quantum Conundrum,PC
91,LEGO Batman 2: DC Super Heroes,Xbox 360
92,The Amazing Spider-Man,Xbox 360
93,LEGO Batman 2: DC Super Heroes,PlayStation 3
94,Deponia,PC
95,The Amazing Spider-Man,PlayStation 3
96,Spec Ops: The Line,Xbox 360
97,Spec Ops: The Line,PlayStation 3
98,Metal Gear Solid HD Collection,PlayStation Vita
99,Penny Arcade Adventures: Episode Three,PC
100,Thomas Was Alone,PC
101,Spec Ops: The Line,PC
102,Sins of a Solar Empire: Rebellion,PC
103,Theatrhythm Final Fantasy,3DS
104,The Walking Dead: A Telltale Games Series,Xbox 360
105,Resonance,PC
106,Tom Clancy's Ghost Recon: Future Soldier,PC
107,The Elder Scrolls V: Skyrim,Xbox 360
108,Spelunky,Xbox 360
109,Krater,PC
110,Project Zero 2: Wii Edition,Wii
111,Dungeon Twister,PlayStation 3
112,Endless Space,PC
113,NCAA Football 13,Xbox 360
114,Test Drive: Ferrari Racing Legends,Xbox 360
115,The Secret World,PC
116,Fray (2011),PC
117,Hoodwink,PC
118,London 2012 - The Official Video Game of the Olympic Games,Xbox 360
119,London 2012 - The Official Video Game of the Olympic Games,PlayStation 3
120,Quantum Conundrum,Xbox 360
121,Quantum Conundrum,PlayStation 3
122,The Dark Eye: Chains of Satinav,PC
123,The Walking Dead: A Telltale Games Series,PC
124,The Walking Dead: A Telltale Games Series,PlayStation 3
125,Tony Hawk's Pro Skater HD,Xbox 360
126,Dyad (2012),PlayStation 3
127,Heroes of Ruin,3DS
128,SpellForce 2: Faith in Destiny,PC
129,Wreckateer,Xbox 360
130,Kingdom Hearts 3D: Dream Drop Distance,3DS
131,Prototype 2,PC
132,ORC: Vengeance,iOS (iPhone/iPad)
133,Deadlight,Xbox 360
134,Growlanser: Wayfarer of Time,PSP
135,Rainbow Moon,PlayStation 3
136,The Political Machine 2012,PC
137,Orcs Must Die! 2,PC
138,The Expendables 2 Videogame,PlayStation 3
139,New Super Mario Bros. 2,3DS
140,Persona 4 Arena,Xbox 360
141,Persona 4 Arena,PlayStation 3
142,Awesomenauts,PC
143,7554,PC
144,Sound Shapes,PlayStation 3
145,Rigonauts,PC
146,Sound Shapes,PlayStation Vita
147,Death Rally (2012),PC
148,Hybrid (2012),Xbox 360
149,Darksiders II,Xbox 360
150,Sleeping Dogs,PlayStation 3
151,Darksiders II,PlayStation 3
152,Symphony (2012),PC
153,Sleeping Dogs,Xbox 360
154,Sleeping Dogs,PC
155,Dust: An Elysian Tail,Xbox 360
156,Papo & Yo,PlayStation 3
157,Kung Fu Strike: The Warrior's Rise,Xbox 360
158,Darksiders II,PC
159,Legends of Pegasus,PC
160,Retro/Grade,PlayStation 3
161,Transformers: Fall of Cybertron,Xbox 360
162,Transformers: Fall of Cybertron,PlayStation 3
163,Unmechanical,PC
164,Transformers: Fall of Cybertron,PC
165,Madden NFL 13,Xbox 360
166,Bullet Run,PC
167,Madden NFL 13,PlayStation 3
168,Rock Band Blitz,Xbox 360
169,JoJo's Bizarre Adventure HD Ver.,Xbox 360
170,JoJo's Bizarre Adventure HD Ver.,PlayStation 3
171,Galaxy On Fire 2 Full HD,PC
172,The Walking Dead: A Telltale Games Series,PlayStation 3
173,Tom Clancy's Ghost Recon Phantoms,PC
174,Madden NFL 13,PlayStation Vita
175,Counter-Strike: Global Offensive,PC
176,Mass Effect 3,Xbox 360
177,AVSEQ,PC
178,Counter-Strike: Global Offensive,Xbox 360
179,Counter-Strike: Global Offensive,PlayStation 3
180,Anarchy Reigns,Xbox 360
181,Legasista,PlayStation 3
182,Way of the Samurai 4,PlayStation 3
183,Mark of the Ninja,Xbox 360
184,Snapshot,PC
185,Dark Souls,PC
186,They Bleed Pixels,PC
187,Guild Wars 2,PC
188,Tekken Tag Tournament 2,PlayStation 3
189,NHL 13,Xbox 360
190,NHL 13,PlayStation 3
191,Tiny Troopers,PC
192,Double Dragon: Neon,Xbox 360
193,Double Dragon: Neon,PlayStation 3
194,Joe Danger 2: The Movie,Xbox 360
195,The Sims 3,PC
196,Jet Set Radio,Xbox 360
197,Closure,PC
198,FTL: Faster Than Light,PC
199,Borderlands 2,Xbox 360
200,Tokyo Jungle,PlayStation 3
201,LittleBigPlanet PS Vita,PlayStation Vita
202,Pro Evolution Soccer 2013,Xbox 360
203,F1 2012,Xbox 360
204,F1 2012,PC
205,Pro Evolution Soccer 2013,PlayStation 3
206,Shad'O,PC
207,Borderlands 2,PlayStation 3
208,Transcripted,PC
209,Borderlands 2,PC
210,Dead or Alive 5,PlayStation 3
211,Torchlight II,PC
212,Dead or Alive 5,Xbox 360
213,Hell Yeah! Wrath of the Dead Rabbit,PlayStation 3
214,Damage Inc.: Pacific Squadron WWII,Xbox 360
215,Resident Evil 6,Xbox 360
216,Hell Yeah! Wrath of the Dead Rabbit,Xbox 360
217,FIFA Soccer 13,Xbox 360
218,FIFA Soccer 13,PlayStation 3
219,Tryst,PC
220,The Testament of Sherlock Holmes,PC
221,Resident Evil 6,PlayStation 3
222,Pokemon Black/White Version 2,DS
223,Hero Academy,PC
224,One Piece: Pirate Warriors,PlayStation 3
225,Pokemon Black/White Version 2,DS
226,Realms of Ancient War,Xbox 360
227,FIFA Soccer 13,PlayStation Vita
228,NiGHTS Into Dreams...,Xbox 360
229,NBA Baller Beats,Xbox 360
230,War of the Roses,PC
231,Dishonored,PlayStation 3
232,Dishonored,Xbox 360
233,Dishonored,PC
234,XCOM: Enemy Unknown,PC
235,XCOM: Enemy Unknown,Xbox 360
236,Dragon Ball Z for Kinect,Xbox 360
237,XCOM: Enemy Unknown,PlayStation 3
238,WRC 3: FIA World Rally Championship,PC
239,Fable: The Journey,Xbox 360
240,The Walking Dead: A Telltale Games Series,PlayStation 3
241,Forza Horizon,Xbox 360
242,Professor Layton and the Miracle Mask,3DS
243,NBA 2K13,Xbox 360
244,NBA 2K13,PlayStation 3
245,Inazuma Eleven Strikers,Wii
246,Retro City Rampage,PC
247,The Walking Dead: A Telltale Games Series,PC
248,The Walking Dead: A Telltale Games Series,Xbox 360
249,Retro City Rampage,PlayStation 3
250,Warlords (2011),PlayStation 3
251,The Unfinished Swan,PlayStation 3
252,Dance Central 3,Xbox 360
253,Naughty Bear: Panic in Paradise,Xbox 360
254,Derrick the Deathfin,PlayStation 3
255,Borderlands 2,Xbox 360
256,Mugen Souls,PlayStation 3
257,Liberation Maiden,3DS
258,007 Legends,Xbox 360
259,007 Legends,PlayStation 3
260,Happy Wars,Xbox 360
261,Silent Hill: Book of Memories,PlayStation Vita
262,Just Dance 4,Xbox 360
263,Just Dance 4,PlayStation 3
264,Just Dance 4,Wii
265,World of Warcraft,PC
266,Zero Escape: Virtue's Last Reward,PlayStation Vita
267,Football Manager 2013,PC
268,Lucius,PC
269,Painkiller: Hell & Damnation,PC
270,Medal of Honor: Warfighter,PC
271,Medal of Honor: Warfighter,Xbox 360
272,Hotline Miami,PC
273,Zombie Driver HD,Xbox 360
274,Assassin's Creed III,Xbox 360
275,Need for Speed: Most Wanted - A Criterion Game,Xbox 360
276,Need for Speed: Most Wanted - A Criterion Game,PlayStation 3
277,WWE '13,Xbox 360
278,Zone of the Enders HD Collection,Xbox 360
279,Assassin's Creed III: Liberation,PlayStation Vita
280,Halo 4,Xbox 360
281,LittleBigPlanet Karting,PlayStation 3
282,Zone of the Enders HD Collection,PlayStation 3
283,Super Monkey Ball: Banana Splitz,PlayStation Vita
284,Code of Princess,3DS
285,Wonderbook: Book of Spells,PlayStation 3
286,Pid,Xbox 360
287,Pid,PC
288,Zero Escape: Virtue's Last Reward,3DS
289,Primal Carnage,PC
290,Paper Mario: Sticker Star,3DS
291,F1 Race Stars,Xbox 360
292,F1 Race Stars,PlayStation 3
293,F1 Race Stars,PC
294,Call of Duty: Black Ops II,Xbox 360
295,Of Orcs and Men,PC
296,Natural Selection 2,PC
297,Call of Duty: Black Ops II,PlayStation 3
298,ZombiU,Wii U
299,Call of Duty: Black Ops II,PC
300,New Super Mario Bros. U,Wii U
301,Disney Epic Mickey 2: The Power of Two,PlayStation 3
302,Hitman: Absolution,Xbox 360
303,Ninja Gaiden 3: Razor's Edge,Wii U
304,Nintendo Land,Wii U
305,Karateka (2012),Xbox 360
306,PlayStation All-Stars Battle Royale,PlayStation 3
307,SiNG Party,Wii U
308,Darksiders II,Wii U
309,PlayStation All-Stars Battle Royale,PlayStation Vita
310,LEGO The Lord of the Rings,Xbox 360
311,Elemental: Fallen Enchantress,PC
312,Sonic & All-Stars Racing Transformed,Xbox 360
313,The Walking Dead: A Telltale Games Series,Xbox 360
314,Sonic & All-Stars Racing Transformed,Wii U
315,Ravaged,PC
316,Persona 4 Golden,PlayStation Vita
317,Sonic & All-Stars Racing Transformed,PlayStation 3
318,The Walking Dead: A Telltale Games Series,PlayStation 3
319,The Walking Dead: A Telltale Games Series,PC
320,Batman: Arkham City,Wii U
321,Tank! Tank! Tank!,Wii U
322,Disney Epic Mickey: The Power of Illusion,3DS
323,Mass Effect 3,Wii U
324,Assassin's Creed III,Wii U
325,Call of Duty: Black Ops Declassified,PlayStation Vita
326,Call of Duty: Black Ops II,Wii U
327,FIFA Soccer 13,Wii U
328,Scribblenauts Unlimited,Wii U
329,Far Cry 3,Xbox 360
330,Far Cry 3,PC
331,Mass Effect 3,Xbox 360
332,XCOM: Enemy Unknown,PC
333,Ratchet & Clank: Full Frontal Assault,PlayStation 3
334,Far Cry 3,PlayStation 3
335,Baldur's Gate: Enhanced Edition,PC
336,Guardians of Middle-Earth,Xbox 360
337,Trine 2,Wii U
338,PlanetSide 2,PC
339,Black Knight Sword,PlayStation 3
340,Miasmata,PC
341,Chaos on Deponia,PC
342,FORGE (2012),PC
343,Little Inferno,Wii U
344,DmC: Devil May Cry,Xbox 360
345,Kentucky Route Zero - Act I,PC
346,Cart Life,PC
347,DmC: Devil May Cry,PC
348,DmC: Devil May Cry,PlayStation 3
349,Infestation: Survivor Stories (The War Z),PC
350,Earth Defense Force 2017 Portable,PlayStation Vita
351,The Cave,Xbox 360
352,Ni no Kuni: Wrath of the White Witch,PlayStation 3
353,Corpse Party: Book of Shadows,PSP
354,Strike Suit Zero,PC
355,Skulls of the Shogun,Xbox 360
356,Antichamber,PC
357,Fire Emblem: Awakening,3DS
358,Dead Space 3,Xbox 360
359,Dead Space 3,PlayStation 3
360,Sly Cooper: Thieves in Time,PlayStation 3
361,Retrovirus,PC
362,Aliens: Colonial Marines,PC
363,Aliens: Colonial Marines,Xbox 360
364,Omerta: City of Gangsters,PC
365,Akaneiro: Demon Hunters,PC
366,Proteus,PC
367,Anodyne,PC
368,Metal Gear Rising: Revengeance,PC
369,Metal Gear Rising: Revengeance,Xbox 360
370,Metal Gear Rising: Revengeance,PlayStation 3
371,Crysis 3,PC
372,Crysis 3,PlayStation 3
373,Crysis 3,Xbox 360
374,Assassin's Creed III,Xbox 360
375,Oozi: Earth Adventure,PC
376,Tomb Raider,Xbox 360
377,Brutal Legend,PC
378,The Bridge,PC
379,Castlevania: Lords of Shadow - Mirror of Fate,3DS
380,Sniper Elite: Nazi Zombie Army,PC
381,A Valley Without Wind 2,PC
382,Bit.Trip Presents...Runner2: Future Legend of Rhythm Alien,Wii U
383,Bit.Trip Presents...Runner2: Future Legend of Rhythm Alien,PC
384,God of War: Ascension,PlayStation 3
385,March of the Eagles,PC
386,Impire,PC
387,SimCity,PC
388,Mass Effect 3,Xbox 360
389,Naruto Shippuden: Ultimate Ninja Storm 3,Xbox 360
390,Naruto Shippuden: Ultimate Ninja Storm 3,PlayStation 3
391,MLB 13: The Show,PlayStation 3
392,MLB 13: The Show,PlayStation Vita
393,MLB 2K13,PlayStation 3
394,MLB 2K13,Xbox 360
395,Tomb Raider,PlayStation 3
396,Tomb Raider,PC
397,LEGO City Undercover,Wii U
398,Wizardry Online,PC
399,Monster Hunter 3 Ultimate,3DS
400,Monster Hunter 3 Ultimate,Wii U
401,Darkstalkers Resurrection,Xbox 360
402,BioShock Infinite,Xbox 360
403,Etrian Odyssey IV: Legends of the Titan,3DS
404,Sniper: Ghost Warrior 2,PC
405,Sniper: Ghost Warrior 2,Xbox 360
406,Sniper: Ghost Warrior 2,PlayStation 3
407,Dead Space 3,Xbox 360
408,Starcraft II: Heart of the Swarm,PC
409,Gears of War: Judgment,Xbox 360
410,Giana Sisters: Twisted Dreams,Xbox 360
411,DmC: Devil May Cry,Xbox 360
412,Luigi's Mansion: Dark Moon,3DS
413,BioShock Infinite,Xbox 360
414,BioShock Infinite,PC
415,BioShock Infinite,PlayStation 3
416,WRC Powerslide,Xbox 360
417,The Walking Dead: Survival Instinct,PC
418,The Walking Dead: Survival Instinct,Xbox 360
419,Starseed Pilgrim,PC
420,Alien Spidy,Xbox 360
421,Tiger Woods PGA Tour 14,Xbox 360
422,Tiger Woods PGA Tour 14,PlayStation 3
423,Army of Two: The Devil's Cartel,Xbox 360
424,HarmoKnight,3DS
425,Army of Two: The Devil's Cartel,PlayStation 3
426,Shattered Haven,PC
427,Need for Speed: Most Wanted - A Criterion Game,Wii U
428,Pokemon Mystery Dungeon: Gates to Infinity,3DS
429,Assassin's Creed III,PlayStation 3
430,BattleBlock Theater,Xbox 360
431,Terraria,PlayStation 3
432,Terraria,Xbox 360
433,Guacamelee!,PlayStation 3
434,Guacamelee!,PlayStation Vita
435,Sang-Froid: Tales of Werewolves,PC
436,Evoland,PC
437,Slender: The Arrival,PC
438,Injustice: Gods Among Us,Xbox 360
439,Age of Empires II: The Age of Kings,PC
440,Injustice: Gods Among Us,PlayStation 3
441,Papo & Yo,PC
442,Defiance,PC
443,Defiance,PlayStation 3
444,Defiance,Xbox 360
445,Dead Island: Riptide,PC
446,Motocross Madness (2013),Xbox 360
447,Shin Megami Tensei: Devil Summoner - Soul Hackers,3DS
448,ShootMania Storm,PC
449,Dishonored,Xbox 360
450,Dishonored,PlayStation 3
451,Dishonored,PC
452,Surgeon Simulator 2013,PC
453,Monaco: What's Yours Is Mine,Xbox 360
454,Dragon's Dogma,Xbox 360
455,Assassin's Creed III,Xbox 360
456,Dead Island: Riptide,Xbox 360
457,Dead Island: Riptide,PlayStation 3
458,God Mode,PC
459,Thomas Was Alone,PlayStation 3
460,Far Cry 3: Blood Dragon,Xbox 360
461,Far Cry 3: Blood Dragon,PC
462,Thomas Was Alone,PlayStation Vita
463,Far Cry 3: Blood Dragon,PlayStation 3
464,Star Trek The Video Game,PC
465,Don't Starve,PC
466,Soul Sacrifice,PlayStation Vita
467,Rise of Immortals: Battle for Graxia,PC
468,Deadly Premonition,PlayStation 3
469,Zeno Clash II,PC
470,Leviathan: Warships,PC
471,Strike Suit Infinity,PC
472,Poker Night 2,Xbox 360
473,Metro: Last Light,PC
474,StarDrive (2012),PC
475,Eador: Masters of the Broken World,PC
476,Metro: Last Light,PlayStation 3
477,Metro: Last Light,Xbox 360
478,Donkey Kong Country Returns,3DS
479,Call of Juarez: Gunslinger,Xbox 360
480,Might & Magic: Heroes VI,PC
481,Anomaly 2,PC
482,Star Wars: The Old Republic,PC
483,Thunder Wolves,PC
484,Resident Evil: Revelations,Wii U
485,Resident Evil: Revelations,Xbox 360
486,Resident Evil: Revelations,PlayStation 3
487,Resident Evil: Revelations,PC
488,Sanctum 2,PC
489,Sanctum 2,Xbox 360
490,Fuse,Xbox 360
491,Fuse,PlayStation 3
492,Renaissance Heroes,PC
493,The Swapper,PC
494,GRID 2,Xbox 360
495,CastleStorm,Xbox 360
496,The Denpa Men 2: Beyond The Waves,3DS
497,The Incredible Adventures of Van Helsing,PC
498,Rush Bros,PC
499,Animal Crossing: New Leaf,3DS
500,Remember Me,Xbox 360
501,Remember Me,PC
502,Remember Me,PlayStation 3
503,The Last of Us,PlayStation 3
504,Elemental: Fallen Enchantress,PC
505,GRID 2,PlayStation 3
506,Reus,PC
507,7 Grand Steps,PC
508,Gunpoint,PC
509,The Night of the Rabbit,PC
510,DUST 514,PlayStation 3
511,LIMBO,PlayStation Vita
512,State of Decay,Xbox 360
513,Dungeons & Dragons: Chronicles of Mystara,Xbox 360
514,Marvel Heroes,PC
515,Kentucky Route Zero - Act II,PC
516,Fist Puncher,PC
517,Magrunner: Dark Pulse,PC
518,Hotline Miami,PlayStation 3
519,Hotline Miami,PlayStation Vita
520,Company of Heroes 2,PC
521,Deadpool,Xbox 360
522,Game & Wario,Wii U
523,New Super Mario Bros. U,Wii U
524,Leisure Suit Larry in the Land of the Lounge Lizards,PC
525,Wargame: AirLand Battle,PC
526,Motorbike,PlayStation 3
527,Scourge: Outbreak,Xbox 360
528,Project X Zone,3DS
529,NCAA Football 14,Xbox 360
530,Rogue Legacy,PC
531,The Walking Dead: A Telltale Games Series,PlayStation 3
532,The Walking Dead: A Telltale Games Series,PlayStation 3
533,The Walking Dead: A Telltale Games Series,Xbox 360
534,Neverwinter,PC
535,Sid Meier's Civilization V,PC
536,Ride to Hell: Retribution,PC
537,Mario & Luigi: Dream Team,3DS
538,The Last Door: Chapter 1 - The Letter,PC
539,Bleed,PC
540,Shin Megami Tensei IV,3DS
541,Mortal Kombat (2011),PC
542,Dota 2,PC
543,Pacific Rim,Xbox 360
544,Guncraft,PC
545,Time and Eternity,PlayStation 3
546,Stealth Inc: A Clone in the Dark,PlayStation 3
547,R.I.P.D. The Game,PC
548,Guacamelee!,PlayStation 3
549,The Raven: Legacy of a Master Thief,PC
550,Guacamelee!,PlayStation Vita
551,Cloudberry Kingdom,Xbox 360
552,DARK,PC
553,Pikmin 3,Wii U
554,Shadowrun Returns,PC
555,Dragon's Crown,PlayStation 3
556,Dragon's Crown,PlayStation Vita
557,Rise of the Triad,PC
558,Warframe,PC
559,Ibb & Obb,PlayStation 3
560,Brothers: A Tale of Two Sons,Xbox 360
561,Do Not Fall,PlayStation 3
562,Disney DuckTales Remastered,PlayStation 3
563,The Bureau: XCOM Declassified,PC
564,The Bureau: XCOM Declassified,PlayStation 3
565,The Bureau: XCOM Declassified,Xbox 360
566,Divinity: Dragon Commander,PC
567,Guacamelee!,PC
568,Mamorukun Curse!,PlayStation 3
569,Tom Clancy's Splinter Cell: Blacklist,Xbox 360
570,Tom Clancy's Splinter Cell: Blacklist,PlayStation 3
571,Cubetractor,PC
572,"Papers, Please",PC
573,Saints Row IV,Xbox 360
574,Beatbuddy: Tale of the Guardians,PC
575,Saints Row IV,PlayStation 3
576,Tom Clancy's Splinter Cell: Blacklist,PlayStation 3
577,Saints Row IV,PC
578,Spelunky,PC
579,Gone Home,PC
580,The Wonderful 101,Wii U
581,Killer Is Dead,PlayStation 3
582,Charlie Murder,Xbox 360
583,Open Me!,PlayStation Vita
584,Dishonored,Xbox 360
585,The Bureau: XCOM Declassified,Xbox 360
586,Europa Universalis IV,PC
587,The Bureau: XCOM Declassified,PlayStation 3
588,Divekick,PlayStation Vita
589,Divekick,PlayStation 3
590,Divekick,PlayStation Vita
591,Flashback,Xbox 360
592,Disney Infinity,Xbox 360
593,Rayman Legends,PlayStation 3
594,Rayman Legends,Xbox 360
595,Rayman Legends,PlayStation 4
596,Payday 2,PlayStation 3
597,Payday 2,Xbox 360
598,Payday 2,PC
599,Payday 2,PlayStation 3
600,Payday 2,Xbox 360
601,Madden NFL 25,PlayStation 3
602,Madden NFL 25,Xbox 360
603,Lost Planet 3,PC
604,Lost Planet 3,Xbox 360
605,Lost Planet 3,Xbox 360
606,Lost Planet 3,PlayStation 3
607,Lost Planet 3,PC
608,Space Hulk,PC
609,Tales of Xillia,PlayStation 3
610,Spelunky,PlayStation Vita
611,Race the Sun,PC
612,Rayman Legends,Wii U
613,Outlast,PC
614,Shelter,PC
615,Amnesia: A Machine for Pigs,PC
616,Disney Castle of Illusion starring Mickey Mouse,Xbox 360
617,Hatsune Miku: Project Diva f,PlayStation 3
618,Total War: Rome II,PC
619,Teenage Mutant Ninja Turtles: Out of the Shadows,Xbox 360
620,Puppeteer,PlayStation 3
621,KickBeat,PlayStation Vita
622,Kingdom Hearts HD 1.5 ReMIX,PlayStation 3
623,Diablo III,PlayStation 3
624,Diablo III,Xbox 360
625,Castlevania: Lords of Shadow,PC
626,NHL 14,PlayStation 3
627,NHL 14,PlayStation 3
628,NHL 14,Xbox 360
629,Killzone: Mercenary,PlayStation Vita
630,SteamWorld Dig,3DS
631,Foul Play,Xbox 360
632,Grand Theft Auto V,PlayStation 3
633,Arma 3,PC
634,The Legend of Zelda: The Wind Waker,Wii U
635,Pro Evolution Soccer 2014,Xbox 360
636,Final Fantasy XIV Online: A Realm Reborn,PC
637,Legend of Dungeon,PC
638,FIFA 14,PlayStation 3
639,Dragon Fantasy Book II,PlayStation Vita
640,Doorways (2013),PC
641,Marlow Briggs and the Mask of Death,PC
642,NBA 2K14,PlayStation 3
643,MechWarrior Online,PC
644,Takedown: Red Sabre,PC
645,F1 2013,PC
646,Etrian Odyssey Untold: The Millennium Girl,3DS
647,Rain,PlayStation 3
648,League of Legends,PC
649,Shadow Warrior,PC
650,Scribblenauts Unmasked: A DC Comics Adventure,3DS
651,Scribblenauts Unmasked: A DC Comics Adventure,Wii U
652,Card Hunter,Online/Browser
653,Alien Rage,PC
654,A.R.E.S. Extinction Agenda EX,Xbox 360
655,Armored Core: Verdict Day,Xbox 360
656,Pokemon X / Y,3DS
657,The Walking Dead: A Telltale Games Series,PC
658,Beyond: Two Souls,PlayStation 3
659,BioShock Infinite,PC
660,Pokemon X / Y,3DS
661,The Wolf Among Us,PC
662,Disgaea D2: A Brighter Darkness,PlayStation 3
663,Rise of Venice,PC
664,Prime World,PC
665,Rune Factory 4,3DS
666,Disney Infinity,Xbox 360
667,Grand Theft Auto V,PlayStation 3
668,Grand Theft Auto V,PlayStation 3
669,Knock-knock,PC
670,Blue Estate,PC
671,Full Bore,PC
672,Sonic: Lost World,Wii U
673,Montague's Mount,PC
674,Skylanders Swap Force,PlayStation 3
675,The Stanley Parable,PC
676,Salvation Prophecy,PC
677,Grand Theft Auto V,PlayStation 3
678,Bionic Dues,PC
679,Glare (2013),PC
680,Rocksmith 2014 Edition,Xbox 360
681,Irritum,PC
682,The Wolf Among Us,PC
683,Phoenix Wright: Ace Attorney - Dual Destinies,3DS
684,Wii Party U,Wii U
685,Deus Ex: Human Revolution - Director's Cut,Wii U
686,Iesabel,PC
687,Dark Matter (2013),PC
688,Just Dance 2014,Wii U
689,Just Dance 2014,Wii
690,Just Dance 2014,PlayStation 3
691,Just Dance 2014,Xbox 360
692,140,PC
693,Solstice Arena,PC
694,Batman: Arkham Origins,Xbox 360
695,Batman: Arkham Origins,PlayStation 3
696,Batman: Arkham Origins Blackgate,PlayStation Vita
697,Football Manager 2014,PC
698,Assassin's Creed IV: Black Flag,Xbox 360
699,Assassin's Creed IV: Black Flag,PlayStation 3
700,Assassin's Creed IV: Black Flag,Xbox One
701,Assassin's Creed IV: Black Flag,PlayStation 4
702,How to Survive,PC
703,WRC 4: FIA World Rally Championship,Xbox 360
704,WWE 2K14,Xbox 360
705,WWE 2K14,PlayStation 3
706,Eldritch,PC
707,LEGO Marvel Super Heroes,PlayStation 3
708,Professor Layton and the Azran Legacy,3DS
709,Battlefield 4,Xbox 360
710,Battlefield 4,PlayStation 3
711,Battlefield 4,PC
712,Battlefield 4,PlayStation 4
713,Battlefield 4,Xbox One
714,Pac-Man and the Ghostly Adventures,PlayStation 3
715,Infinity Blade III,iOS (iPhone/iPad)
716,FORCED,PC
717,Castlevania: Lords of Shadow - Mirror of Fate,Xbox 360
718,Mario & Sonic at the Sochi 2014 Olympic Winter Games,Wii U
719,Call of Duty: Ghosts,PlayStation 4
720,Call of Duty: Ghosts,Xbox 360
721,Call of Duty: Ghosts,PlayStation 3
722,Call of Duty: Ghosts,Xbox One
723,The Harvest,PC
724,Angry Birds Star Wars,PlayStation 3
725,Warface,PC
726,The Guided Fate Paradox,PlayStation 3
727,BioShock Infinite,Xbox 360
728,BioShock Infinite,PC
729,Stick it to the Man!,PlayStation 3
730,Knack,PlayStation 4
731,Path of Exile,PC
732,Valhalla Knights 3,PlayStation Vita
733,XCOM: Enemy Within,PlayStation 3
734,XCOM: Enemy Within,Xbox 360
735,XCOM: Enemy Within,PC
736,Journey of a Roach,PC
737,Sound Shapes,PlayStation Vita
738,Sound Shapes,PlayStation 3
739,Sound Shapes,PlayStation 4
740,Killzone: Shadow Fall,PlayStation 4
741,flower,PlayStation 4
742,Ratchet & Clank: Into the Nexus,PlayStation 3
743,Contrast,PlayStation 4
744,Final Exam,PlayStation 3
745,Resogun,PlayStation 4
746,Intake,PC
747,The Legend of Zelda: A Link Between Worlds,3DS
748,Super Mario 3D World,Wii U
749,NBA 2K14,PlayStation 4
750,NBA 2K14,Xbox One
751,Blood of the Werewolf,PC
752,Morphopolis,PC
753,SimCity,PC
754,Need for Speed: Rivals,PlayStation 4
755,LocoCycle,Xbox One
756,Dead Rising 3,Xbox One
757,Crimson Dragon,Xbox One
758,Deadfall Adventures,PC
759,Tearaway,PlayStation Vita
760,Risk of Rain,PC
761,AquaPazza: AquaPlus Dream Match,PlayStation 3
762,FIFA 14,Xbox One
763,FIFA 14,PlayStation 4
764,Killer Instinct,Xbox One
765,Forza Motorsport 5,Xbox One
766,Ryse: Son of Rome,Xbox One
767,NBA Live 14,PlayStation 4
768,SimCity,PC
769,Redshirt,PC
770,Mario Party: Island Tour,3DS
771,EVE Online,PC
772,Zoo Tycoon,Xbox One
773,Powerstar Golf,Xbox One
774,Madden NFL 25,Xbox One
775,Madden NFL 25,PlayStation 4
776,Luxuria Superbia,iOS (iPhone/iPad)
777,Luxuria Superbia,PC
778,Super Motherload,PlayStation 4
779,Fighter Within,Xbox One
780,Blacklight: Retribution,PlayStation 4
781,World of Warplanes,PC
782,Dead Sky,PC
783,Adventure Time: Explore the Dungeon Because I DON'T KNOW!,Wii U
784,Peggle 2,Xbox One
785,Gran Turismo 6,PlayStation 3
786,The Novelist,PC
787,Tiny Brains,PlayStation 4
788,Doki-Doki Universe,PlayStation 4
789,Darkout,PC
790,Two Brothers,PC
791,Vector (2013),PC
792,Broken Sword 5: The Serpent's Curse,PC
793,Ys: Memories of Celceta,PlayStation Vita
794,Speedball 2: Brutal Deluxe,PC
795,Samurai Gunn,PC
796,Gomo,PC
797,Bravely Default: Flying Fairy,3DS
798,Huntsman: The Orphanage,PC
799,DUST 514,PlayStation 3
800,The Walking Dead: Season Two - A Telltale Games Series,PC
801,Baldur's Gate II: Shadows of Amn,PC
802,Bandfuse: Rock Legends,Xbox 360
803,Assassin's Creed IV: Black Flag,Xbox One
804,Assassin's Creed IV: Black Flag,Xbox 360
805,Assassin's Creed IV: Black Flag,PlayStation 3
806,Assassin's Creed IV: Black Flag,PlayStation 4
807,Saint Seiya: Brave Soldiers,PlayStation 3
808,State of Decay,Xbox 360
809,NES Remix,Wii U
810,Strength of the Sword 3,PlayStation 3
811,X Rebirth,PC
812,flOw,PlayStation 4
813,Halo: Spartan Assault,Xbox One
814,Max: The Curse of Brotherhood,Xbox One
815,Violett,PC
816,9.03m,PC
817,Terraria,PlayStation Vita
818,Driftmoon,PC
819,continue?9876543210,PC
820,Frozen Hearth,PC
821,Dementium II,PC
822,The Banner Saga,PC
823,Dr. Luigi,Wii U
824,Broken Age,PC
825,Don't Starve,PlayStation 4
826,CONSORTIUM,PC
827,Nidhogg,PC
828,Blackguards,PC
829,Pandora: First Contact,PC
830,Assassin's Creed III: Liberation,PlayStation 3
831,Assassin's Creed III: Liberation,Xbox 360
832,The Cat Lady,PC
833,Might & Magic X: Legacy,PC
834,OlliOlli,PlayStation Vita
835,Tomb Raider,PlayStation 4
836,Tomb Raider,Xbox One
837,Naruto Shippuden: Ultimate Ninja Storm 3 Full Burst,PlayStation 3
838,Insurgency,PC
839,Team Fortress 2,PC
840,Echo Prime,PC
841,The Wolf Among Us,PlayStation 3
842,The Wolf Among Us,Xbox 360
843,Star Wars: The Old Republic,PC
844,Rekoil,PC
845,Octodad: Dadliest Catch,PC
846,Lightning Returns: Final Fantasy XIII,Xbox 360
847,Lightning Returns: Final Fantasy XIII,PlayStation 3
848,The Last of Us,PlayStation 3
849,Fable,Xbox 360
850,Strike Vector,PC
851,The LEGO Movie Videogame,Xbox One
852,DanganRonpa: Trigger Happy Havoc,PlayStation Vita
853,Loadout,PC
854,Outlast,PlayStation 4
855,Jazzpunk,PC
856,TxK,PlayStation Vita
857,Donkey Kong Country: Tropical Freeze,Wii U
858,The Castle Doctrine,PC
859,Strider,Xbox One
860,Strider,PlayStation 4
861,Toukiden: The Age of Demons,PlayStation Vita
862,Horizon (PC),PC
863,Journal,PC
864,Dustforce,PlayStation Vita
865,Earth Defense Force 2025,Xbox 360
866,Thief,PC
867,Thief,Xbox One
868,Thief,PlayStation 4
869,Plants vs Zombies: Garden Warfare,Xbox One
870,Castlevania: Lords of Shadow 2,PlayStation 3
871,Rambo: The Video Game,Xbox 360
872,Banished,PC
873,Resident Evil 4,PC
874,World of Tanks,Xbox 360
875,Basement Crawl,PlayStation 4
876,South Park: The Stick of Truth,Xbox 360
877,South Park: The Stick of Truth,PC
878,The Walking Dead: Season Two - A Telltale Games Series,PlayStation 3
879,The Walking Dead: Season Two - A Telltale Games Series,PC
880,The Walking Dead: Season Two - A Telltale Games Series,Xbox 360
881,NaissanceE,PC
882,Dragon Ball Z: Battle of Z,PlayStation 3
883,Dragon Ball Z: Battle of Z,Xbox 360
884,TowerFall Ascension,PC
885,TowerFall Ascension,PlayStation 4
886,Titanfall,Xbox One
887,Titanfall,Xbox 360
888,Titanfall,PC
889,Dark Souls II,Xbox 360
890,Dark Souls II,PC
891,Dark Souls II,PlayStation 3
892,Shadowrun Returns,PC
893,Infested Planet,PC
894,Yoshi's New Island,3DS
895,Professor Layton VS Phoenix Wright Ace Attorney,3DS
896,Yaiba: Ninja Gaiden Z,PlayStation 3
897,Yaiba: Ninja Gaiden Z,Xbox 360
898,Metal Gear Solid V: Ground Zeroes,Xbox 360
899,Metal Gear Solid V: Ground Zeroes,PlayStation 4
900,Metal Gear Solid V: Ground Zeroes,Xbox One
901,Luftrausers,PC
902,Luftrausers,PlayStation 3
903,Luftrausers,PlayStation Vita
904,The Yawhg,PC
905,Diablo III,PC
906,inFamous: Second Son,PlayStation 4
907,Dragons and Titans,PC
908,Hearthstone: Heroes of Warcraft,PC
909,Deus Ex: The Fall,PC
910,SMITE,PC
911,The Witch and the Hundred Knight,PlayStation 3
912,Final Fantasy X / X-2 HD Remaster,PlayStation Vita
913,Final Fantasy X / X-2 HD Remaster,PlayStation 3
914,BioShock Infinite,PC
915,Diablo III,PC
916,Age of Wonders III,PC
917,Escape Goat 2,PC
918,Castlevania: Lords of Shadow 2,Xbox 360
919,Castlevania: Lords of Shadow 2,PlayStation 3
920,Betrayer,PC
921,MLB 14: The Show,PlayStation 4
922,MLB 14: The Show,PlayStation 3
923,Lightning Returns: Final Fantasy XIII,Xbox 360
924,PlanetSide 2,PC
925,Arma 3,PC
926,Kinect Sports Rivals,Xbox One
927,Mercenary Kings,PlayStation 4
928,The Wolf Among Us,PC
929,Ragnarok Odyssey ACE,PlayStation Vita
930,SimCity,PC
931,Conception II: Children of the Seven Stars,PlayStation Vita
932,Strike Suit Zero,PlayStation 4
933,Strike Suit Zero,Xbox One
934,Half Minute Hero: The Second Coming,PC
935,Moebius: Empire Rising,PC
936,LEGO The Hobbit,PlayStation 4
937,2014 FIFA World Cup Brazil,Xbox 360
938,2014 FIFA World Cup Brazil,PlayStation 3
939,Trials Fusion,Xbox One
940,Trials Fusion,PlayStation 4
941,Life Goes On,PC
942,Borderlands 2,Xbox 360
943,Demon Gaze,PlayStation Vita
944,NES Remix 2,Wii U
945,Broken Sword 5: The Serpent's Curse,PC
946,Mario Golf: World Tour,3DS
947,The Elder Scrolls Online,PC
948,Batman: Arkham Origins,PC
949,Kirby: Triple Deluxe,3DS
950,Child of Light,Xbox One
951,Child of Light,PlayStation 3
952,FRACT OSC,PC
953,Daylight,PC
954,Final Fantasy XIV Online: A Realm Reborn,PlayStation 4
955,Dark Souls II,Xbox 360
956,JoJo's Bizarre Adventure All-Star Battle,PlayStation 3
957,JoJo's Bizarre Adventure All-Star Battle,PlayStation 3
958,The Amazing Spider-Man 2,PlayStation 4
959,Bound by Flame,PC
960,Grand Theft Auto V,PlayStation 3
961,Titanfall,Xbox 360
962,Titanfall,PC
963,Titanfall,Xbox One
964,Sportsfriends,PlayStation 3
965,Sportsfriends,PlayStation 4
966,World of Tanks,PC
967,Kentucky Route Zero - Act III,PC
968,Super Time Force,Xbox 360
969,Super Time Force,Xbox One
970,The Walking Dead: Season Two - A Telltale Games Series,PlayStation 3
971,Mario Kart 8,Wii U
972,Nutjitsu,Xbox One
973,"Sir, You Are Being Hunted",PC
974,Transistor,PC
975,Transistor,PlayStation 4
976,Blade Symphony,PC
977,Wolfenstein: The New Order,PC
978,Wolfenstein: The New Order,PlayStation 4
979,Memento Mori 2 - Guardian of Immortality,PC
980,Minecraft,PlayStation 3
981,Warlock 2: The Exiled,PC
982,Tropico 5,PC
983,Watch Dogs,PlayStation 4
984,Watch Dogs,Xbox One
985,Monochroma,PC
986,The Wolf Among Us,PC
987,Drakengard 3,PlayStation 3
988,Where is My Heart?,PC
989,Air Control,PC
990,The Incredible Adventures of Van Helsing II,PC
991,Among the Sleep,PC
992,Project Temporality,PC
993,Ultra Street Fighter IV,Xbox 360
994,Murdered: Soul Suspect,PlayStation 4
995,Pushmo World,Wii U
996,Tomodachi Life,3DS
997,Mind Zero,PlayStation Vita
998,Kill the Bad Guy,PC
999,Borderlands 2,PlayStation Vita
1000,1001 Spikes,PlayStation Vita
1001,1001 Spikes,PlayStation 4
1002,Space Run,PC
1003,Always Sometimes Monsters,PC
1004,Entwined,PlayStation 4
1005,Dead Rising 3,Xbox One
1006,Enemy Front,PlayStation 3
1007,Enemy Front,Xbox 360
1008,Anomaly Defenders,PC
1009,Hegemony Rome: The Rise of Caesar,PC
1010,Munin,PC
1011,The Elder Scrolls Online,PC
1012,Nether,PC
1013,GRID Autosport,PC
1014,Valiant Hearts: The Great War,PC
1015,Tales From Space: Mutant Blobs Attack,Xbox 360
1016,EA Sports UFC,PlayStation 4
1017,Blood of the Werewolf,Xbox 360
1018,Magical Beat,PlayStation Vita
1019,Shovel Knight,Wii U
1020,Shovel Knight,3DS
1021,Shovel Knight,PC
1022,Killzone: Shadow Fall,PlayStation 4
1023,WildStar,PC
1024,Ace Combat Infinity,PlayStation 3
1025,Transformers: Rise of the Dark Spark,PC
1026,Xenonauts,PC
1027,Spoiler Alert,PC
1028,Child of Light,PlayStation Vita
1029,The Wolf Among Us,PC
1030,Richard & Alice,PC
1031,War Thunder,PlayStation 4
1032,Sniper Elite III,PlayStation 4
1033,Infinity Runner,PC
1034,MouseCraft,PC
1035,MouseCraft,PlayStation 4
1036,MouseCraft,PlayStation 3
1037,MouseCraft,PlayStation Vita
1038,Divinity: Original Sin,PC
1039,The Walking Dead: Season Two - A Telltale Games Series,PC
1040,The Walking Dead: Season Two - A Telltale Games Series,PlayStation 3
1041,The Walking Dead: Season Two - A Telltale Games Series,Xbox 360
1042,Wayward Manor,PC
1043,Unrest,PC
1044,Super ComboMan,PC
1045,Dark Souls II,Xbox 360
1046,Dark Souls II,PlayStation 3
1047,Oddworld: Abe's Oddysee,PlayStation 4
1048,King's Bounty: Dark Side,PC
1049,The Last of Us,PlayStation 4
1050,Siesta Fiesta,3DS
1051,Gods Will Be Watching,PC
1052,Only If,PC
1053,Rogue Legacy,PlayStation 4
1054,Rogue Legacy,PlayStation Vita
1055,Rogue Legacy,PlayStation 3
1056,Magic: Duels of the Planeswalkers 2015,PC
1057,Road Not Taken,PC
1058,Metrico,PlayStation Vita
1059,Halfway,PC
1060,Wii Sports Club,Wii U
1061,Sacred 3,PC
1062,Risen 3: Titan Lords,PC
1063,Hohokum,PlayStation 4
1064,Diablo III,PlayStation 4
1065,Diablo III,Xbox One
1066,Metro Redux,PlayStation 4
1067,Metro Redux,Xbox One
1068,Metro Redux,PC
1069,The Golf Club,PC
1070,MIND: Path to Thalamus,PC
1071,Akiba's Trip: Undead & Undressed,PlayStation Vita
1072,Surgeon Simulator 2013,PlayStation 4
1073,Shadowgate,PC
1074,Might & Magic: Duel of Champions,Xbox 360
1075,CounterSpy,PlayStation 3
1076,CounterSpy,PlayStation Vita
1077,CounterSpy,PlayStation 4
1078,Danganronpa 2: Goodbye Despair,PlayStation Vita
1079,inFamous: Second Son,PlayStation 4
1080,Firefall,PC
1081,Madden NFL 15,PlayStation 4
1082,Madden NFL 15,Xbox One
1083,The Walking Dead: Season Two - A Telltale Games Series,PC
1084,Dark Souls II,PlayStation 3
1085,Dark Souls II,Xbox 360
1086,Azure Striker Gunvolt,3DS
1087,Velocity 2X,PlayStation 4
1088,The Last Tinker: City of Colors,PlayStation 4
1089,Dead Rising 3,PC
1090,Destiny,Xbox One
1091,Destiny,PlayStation 4
1092,Dance Central Spotlight,Xbox One
1093,NHL 15,PlayStation 4
1094,The Sims 4,PC
1095,Theatrhythm Final Fantasy: Curtain Call,3DS
1096,Neverwinter,PC
1097,Murasaki Baby,PlayStation Vita
1098,Minimum,PC
1099,Lichdom: Battlemage,PC
1100,Cannon Brawl,PC
1101,Hyrule Warriors,Wii U
1102,Roundabout,PC
1103,Disney Infinity 2.0 Edition,PlayStation 4
1104,D4: Dark Dreams Don't Die,Xbox One
1105,FIFA 15,PlayStation 4
1106,Natural Doctrine,PlayStation 3
1107,Natural Doctrine,PlayStation 4
1108,Natural Doctrine,PlayStation Vita
1109,Wasteland 2,PC
1110,Minecraft,PlayStation 4
1111,Super Smash Bros. for Nintendo 3DS,3DS
1112,Middle-earth: Shadow of Mordor,PlayStation 4
1113,Kraven Manor,PC
1114,Watch Dogs,PlayStation 3
1115,Watch Dogs,Xbox 360
1116,Fenix Rage,PC
1117,Forza Horizon 2,Xbox One
1118,SPACECOM,PC
1119,Gauntlet,PC
1120,The Vanishing of Ethan Carter,PC
1121,Stronghold: Crusader II,PC
1122,Five Nights at Freddy's,PC
1123,Alien: Isolation,PlayStation 4
1124,Alien: Isolation,PC
1125,Alien: Isolation,Xbox One
1126,Persona 4 Arena Ultimax,PlayStation 3
1127,Styx: Master of Shadows,PC
1128,Driveclub,PlayStation 4
1129,Hack 'n' Slash,PC
1130,NBA 2K15,PlayStation 4
1131,NBA 2K15,Xbox One
1132,Fantasy Life,3DS
1133,Sherlock Holmes: Crimes & Punishments,PC
1134,Costume Quest 2,PC
1135,Costume Quest 2,PlayStation 3
1136,Costume Quest 2,Xbox 360
1137,Costume Quest 2,Wii U
1138,Costume Quest 2,PlayStation 4
1139,Costume Quest 2,Xbox One
1140,Dark Souls II,PC
1141,Dark Souls II,Xbox 360
1142,Dark Souls II,PlayStation 3
1143,Borderlands: The Pre-Sequel,Xbox 360
1144,Borderlands: The Pre-Sequel,PlayStation 3
1145,Borderlands: The Pre-Sequel,PC
1146,Bayonetta 2,Wii U
1147,Short Peace: Ranko Tsukigime's Longest Day,PlayStation 3
1148,Ryse: Son of Rome,PC
1149,Endless Legend,PC
1150,Sleeping Dogs,PC
1151,TRI,PC
1152,Falling Skies: The Game,PC
1153,Fantasia: Music Evolved,Xbox One
1154,F1 2014,Xbox 360
1155,A City Sleeps,PC
1156,The Legend of Korra,Xbox One
1157,Fluster Cluck,PlayStation 4
1158,Sid Meier's Civilization: Beyond Earth,PC
1159,The Evil Within,PlayStation 4
1160,Legend of Grimrock II,PC
1161,Neverending Nightmares,PC
1162,Sunset Overdrive,Xbox One
1163,Lords of the Fallen,Xbox One
1164,Minecraft,Xbox One
1165,Fairy Fencer F,PlayStation 3
1166,Skylanders Trap Team,PlayStation 4
1167,Call of Duty: Advanced Warfare,PlayStation 4
1168,Call of Duty: Advanced Warfare,Xbox One
1169,Dreamfall Chapters,PC
1170,Planetary Annihilation,PC
1171,Football Manager 2015,PC
1172,Ultimate NES Remix,3DS
1173,Dungeon of the Endless,PC
1174,Gabriel Knight: Sins of the Fathers,PC
1175,WWE 2K15,Xbox 360
1176,WWE 2K15,PlayStation 3
1177,Depth,PC
1178,NBA Live 15,Xbox One
1179,NBA Live 15,PlayStation 4
1180,Pro Evolution Soccer 2015,PlayStation 4
1181,The Unfinished Swan,PlayStation 4
1182,Assassin's Creed Unity,PlayStation 4
1183,Assassin's Creed Unity,Xbox One
1184,Dragon Age: Inquisition,Xbox One
1185,Dragon Age: Inquisition,PlayStation 4
1186,Assassin's Creed Rogue,Xbox 360
1187,Sonic Boom: Rise of Lyric,Wii U
1188,Randal's Monday,PC
1189,Halo: The Master Chief Collection,Xbox One
1190,Grand Theft Auto V,Xbox One
1191,Grand Theft Auto V,PC
1192,Grand Theft Auto V,PlayStation 4
1193,Far Cry 4,PlayStation 4
1194,Far Cry 4,Xbox One
1195,A Bird Story,PC
1196,LEGO Batman 3: Beyond Gotham,PlayStation 4
1197,LEGO Batman 3: Beyond Gotham,Xbox One
1198,This War of Mine,PC
1199,LittleBigPlanet 3,PlayStation 4
1200,Pokemon Alpha Sapphire / Omega Ruby,3DS
1201,Escape Dead Island,PlayStation 3
1202,Escape Dead Island,PC
1203,Space Hulk Ascension,PC
1204,Never Alone,PC
1205,Freedom Wars,PlayStation Vita
1206,Adventure Time: The Secret of the Nameless Kingdom,PC
1207,The Binding of Isaac: Rebirth,PC
1208,WWE 2K15,PlayStation 4
1209,WWE 2K15,Xbox One
1210,Speakeasy,PlayStation 4
1211,Tales from the Borderlands: A Telltale Game Series,PlayStation 4
1212,Rollers of the Realm,PC
1213,Super Smash Bros. for Wii U,Wii U
1214,Geometry Wars 3: Dimensions,Xbox One
1215,Captain Toad: Treasure Tracker,Wii U
1216,Game of Thrones: A Telltale Games Series,PlayStation 4
1217,Defenders of Time,PC
1218,The Wolf Among Us,PlayStation 4
1219,How to Survive,PlayStation 4
1220,How to Survive,Xbox One
1221,Lara Croft and the Temple of Osiris,Xbox One
1222,Lara Croft and the Temple of Osiris,PlayStation 4
1223,Phoenix Wright: Ace Attorney Trilogy,3DS
1224,JUJU,PlayStation 3
1225,The Crew,PlayStation 4
1226,LIMBO,Xbox One
1227,Secret Ponchos,PlayStation 4
1228,Shadows: Heretic Kingdoms,PC
1229,Destiny,PlayStation 4
1230,Destiny,Xbox One
1231,The Talos Principle,PC
1232,Elegy for a Dead World,PC
1233,Tropico 5,PC
1234,Tetris Ultimate,PlayStation 4
1235,Tetris Ultimate,Xbox One
1236,World of Warcraft,PC
1237,Loadout,PlayStation 4
1238,Sunset Overdrive,Xbox One
1239,Scrolls,PC
1240,Persona Q: Shadow of the Labyrinth,3DS
1241,Kalimba,Xbox One
1242,Lost Constellation,PC
1243,Assassin's Creed Unity,PlayStation 4
1244,Assassin's Creed Unity,Xbox One
1245,Kingdom Hearts HD 2.5 ReMIX,PlayStation 3
1246,Resident Evil,PlayStation 4
1247,Saints Row IV,PlayStation 4
1248,Saints Row IV,Xbox One
1249,Grim Fandango,PlayStation 4
1250,Blackguards 2,PC
1251,Switch Galaxy,PlayStation 4
1252,Switch Galaxy,PlayStation Vita
1253,The Marvellous Miss Take,PC
1254,The Legend of Zelda: Majora's Mask,3DS
1255,Gravity Ghost,PC
1256,Life is Strange,PC
1257,Life is Strange,PlayStation 4
1258,Life is Strange,Xbox One
1259,Nosgoth,PC
1260,Grey Goo,PC
1261,Dying Light,Xbox One
1262,Dying Light,PlayStation 4
1263,Citizens of Earth,PlayStation 4
1264,Citizens of Earth,PlayStation Vita
1265,Game of Thrones: A Telltale Games Series,PC
1266,Monster Hunter 4 Ultimate,3DS
1267,Deathtrap,PC
1268,Elite: Dangerous,PC
1269,#IDARB,Xbox One
1270,Apotheon,PC
1271,Evolve,PlayStation 4
1272,Evolve,Xbox One
1273,Evolve,PC
1274,Raven's Cry,PC
1275,The Escapists,PC
1276,The Escapists,Xbox One
1277,Total War: Attila,PC
1278,Criminal Girls: Invite Only,PlayStation Vita
1279,Kirby and the Rainbow Curse,Wii U
1280,Heroes of Might and Magic III,PC
1281,The Order: 1886,PlayStation 4
1282,Grow Home,PC
1283,The Legend of Candlewind: Nights & Candles,PC
1284,Aaru's Awakening,PC
1285,Resident Evil: Revelations 2,Xbox One
1286,Hand of Fate,Xbox One
1287,Oblitus,PC
1288,Republique Remastered,PC
1289,ScreamRide,Xbox One
1290,Resident Evil: Revelations 2,Xbox One
1291,Helldivers,PlayStation 4
1292,Oreshika: Tainted Bloodlines,PlayStation Vita
1293,Q*bert: Rebooted,PlayStation 4
1294,Lords of the Fallen,PC
1295,Lords of the Fallen,PlayStation 4
1296,Lords of the Fallen,Xbox One
1297,Mario vs. Donkey Kong: Tipping Stars,Wii U
1298,Mario vs. Donkey Kong: Tipping Stars,3DS
1299,Hotline Miami 2: Wrong Number,PC
1300,OlliOlli2: Welcome to Olliwood,PlayStation 4
1301,OlliOlli2: Welcome to Olliwood,PlayStation Vita
1302,DmC: Devil May Cry,PlayStation 4
1303,DmC: Devil May Cry,Xbox One
1304,There Came an Echo,PC
1305,Ori and the Blind Forest,Xbox One
1306,Dragon Ball: Xenoverse,PlayStation 4
1307,Shelter 2,PC
1308,Homeworld Remastered Collection,PC
1309,Resident Evil: Revelations 2,Xbox One
1310,Harold,PC
1311,Harold,Xbox 360
1312,Harold,PlayStation 3
1313,Trash TV,PC
1314,Code Name: S.T.E.A.M.,3DS
1315,Resogun,PlayStation 4
1316,Cities: Skylines,PC
1317,White Night,Xbox One
1318,Mario Party 10,Wii U
1319,Final Fantasy Type-0,PlayStation 4
1320,Battlefield Hardline,Xbox One
1321,Tales from the Borderlands: A Telltale Game Series,PC
1322,Resident Evil: Revelations 2,Xbox One
1323,LA Cops,Xbox One
1324,Robot Roller-Derby Disco Dodgeball,PC
1325,Bladestorm: The Hundred Years' War,PlayStation 4
1326,Frozen Cortex,PC
1327,Woolfe - The Red Hood Diaries,PC
1328,Borderlands: The Pre-Sequel,PC
1329,Xenoblade Chronicles,3DS
1330,Game of Thrones: A Telltale Games Series,PC
1331,Borderlands: The Handsome Collection,PlayStation 4
1332,Bloodborne,PlayStation 4
1333,Life is Strange,PlayStation 4
1334,Worlds of Magic,PC
1335,Dragon Age: Inquisition,PC
1336,Sid Meier's Starships,PC
1337,Axiom Verge,PlayStation 4
1338,Dreamfall Chapters,PC
1339,Story of Seasons,3DS
1340,Sunless Sea,PC
1341,Three Fourths Home,PC
1342,Dyscourse,PC
1343,Etrian Mystery Dungeon,3DS
1344,MLB 15: The Show,PlayStation 4
1345,Pillars of Eternity,PC
1346,Dark Souls II,PlayStation 4
1347,Dark Souls II,Xbox One
1348,Dark Souls II,PC
1349,Bastion,PlayStation 4
1350,Paperbound,PlayStation 4
1351,Infinite Crisis,PC
1352,Slender: The Arrival,PlayStation 4
1353,Slender: The Arrival,Xbox One
1354,Titan Souls,PC
1355,WE ARE DOOMED,PlayStation 4
1356,Mortal Kombat X,Xbox One
1357,"Slow Down, Bull",PC
1358,Assassin's Creed Chronicles: China,PlayStation 4
1359,Assassin's Creed Chronicles: China,Xbox One
1360,The Charnel House Trilogy,PC
1361,Affordable Space Adventures,Wii U
1362,VoidExpanse,PC
1363,Dungeons 2,PC
1364,Halo: Spartan Strike,PC
1365,Age of Wonders III,PC
1366,State of Decay,Xbox One
1367,I Am Bread,PC
1368,Tower of Guns,PC
1369,Kerbal Space Program,PC
1370,Kerbal Space Program,PlayStation 4
1371,Kerbal Space Program,Xbox One
1372,Massive Chalice,PC
1373,The Incredible Adventures of Van Helsing III,PC
1374,NEON STRUCT,PC
1375,Carmageddon: Reincarnation,PC
1376,Sym,PC
1377,Heroes of the Storm,PC
1378,Shadowrun Chronicles: Boston Lockdown,PC
1379,Kholat,PC
1380,Yoshi's Woolly World,Wii U
1381,Batman: Arkham Knight,PlayStation 4
1382,The Masterplan,PC
1383,Wander,PlayStation 4
1384,Dirty Bomb,PC
1385,Devil May Cry 4,PlayStation 4
1386,Devil May Cry 4,PC
1387,Devil May Cry 4,Xbox One
1388,Tales from the Borderlands: A Telltale Game Series,PC
1389,Dr. Mario: Miracle Cure,3DS
1390,Her Story,PC
1391,RONIN,PC
1392,Etrian Odyssey 2 Untold: The Fafnir Knight,3DS
1393,Final Fantasy XIV Online: A Realm Reborn,PC
1394,Whispering Willows,PlayStation 4
1395,PlanetSide 2,PlayStation 4
1396,The Red Solstice,PC
1397,Traverser,PC
1398,LEGO Jurassic World,PlayStation 4
1399,God of War III,PlayStation 4
1400,Rocket League,PlayStation 4
1401,Legends of Eisenwald,PC
1402,Guild of Dungeoneering,PC
1403,The Elder Scrolls Online,PlayStation 4
1404,F1 2015,PC
1405,Godzilla,PlayStation 4
1406,Game of Thrones: A Telltale Games Series,PC
1407,Trials Fusion,Xbox One
1408,Journey,PlayStation 4
1409,Card Hunter,PC
1410,Dreamfall Chapters,PC
1411,Rory McIlroy PGA Tour,PlayStation 4
1412,Prototype Biohazard Bundle,PlayStation 4
1413,Tembo the Badass Elephant,PlayStation 4
1414,Tembo the Badass Elephant,Xbox One
1415,Trove,PC
1416,CABAL 2,PC
1417,Blues and Bullets,PC
1418,Life is Strange,Xbox One
1419,Lost Dimension,PlayStation Vita
1420,King's Quest,PC
1421,Victor Vran,PC
1422,Rare Replay,Xbox One
1423,Galak-Z: The Dimensional,PlayStation 4
1424,N++,PlayStation 4
1425,Red Goddess: Inner World,PlayStation 4
1426,Everybody's Gone to the Rapture,PlayStation 4
1427,The Talos Principle,PC
1428,Volume,PC
1429,Devil's Third,Wii U
1430,Tales from the Borderlands: A Telltale Game Series,PC
1431,The Bridge,Xbox One
1432,Until Dawn,PlayStation 4
1433,Dragon Age: Inquisition,PlayStation 4
1434,Gears of War,Xbox One
1435,Metal Gear Solid V: The Phantom Pain,PlayStation 4
1436,Danganronpa Another Episode: Ultra Despair Girls,PlayStation Vita
1437,LBX: Little Battlers eXperience,3DS
1438,Madden NFL 16,PlayStation 4
1439,ZombiU,PlayStation 4
1440,Mega Man Legacy Collection,Xbox One
1441,Disney Infinity 3.0 Edition,Android
1442,Dishonored,PlayStation 4
1443,Mad Max,PlayStation 4
1444,Sorcerer King,PC
1445,Toy Soldiers: War Chest,PlayStation 4
1446,Super Mario Maker,Wii U
1447,Tearaway,PlayStation 4
1448,Pillars of Eternity,PC
1449,Forza Motorsport 6,Xbox One
1450,Pro Evolution Soccer 2016,Xbox One
1451,Pro Evolution Soccer 2016,Xbox 360
1452,Pro Evolution Soccer 2016,PlayStation 3
1453,Pro Evolution Soccer 2016,PlayStation 4
1454,Pro Evolution Soccer 2016,PC
1455,NHL 16,Xbox One
1456,NHL 16,PlayStation 4
1457,Satellite Reign,PC
1458,SOMA,PC
1459,Shadowrun: Hong Kong,PC
1460,World of Warships,PC
1461,Act of Aggression,PC
1462,Skylanders SuperChargers,PlayStation 4
1463,Skylanders SuperChargers,Wii U
1464,Destiny,PlayStation 4
1465,FIFA 16,PC
1466,FIFA 16,Xbox 360
1467,FIFA 16,Xbox One
1468,FIFA 16,PlayStation 4
1469,FIFA 16,PlayStation 3
1470,Blood Bowl 2,PC
1471,Blood Bowl 2,PlayStation 4
1472,Blood Bowl 2,Xbox One
1473,Afro Samurai 2: Revenge of Kuma Volume One,PlayStation 4
1474,Uncharted: The Nathan Drake Collection,PlayStation 4
1475,Uncharted: The Nathan Drake Collection,PlayStation 4
1476,NBA 2K16,Xbox One
1477,NBA 2K16,PlayStation 4
1478,The Beginner's Guide,PC
1479,Armello,PC
1480,Cities: Skylines,PC
1481,Rock Band 4,PlayStation 4
1482,Tony Hawk's Pro Skater 5,Xbox One
1483,Tony Hawk's Pro Skater 5,PlayStation 4
1484,Sid Meier's Civilization: Beyond Earth,PC
1485,Dragon Quest Heroes: The World Tree's Woe and the Blight Below,PlayStation 4
1486,The Witcher 3: Wild Hunt,PC
1487,Elite: Dangerous,Xbox One
1488,Grand Ages: Medieval,PC
1489,Chibi-Robo! Zip Lash,3DS
1490,Runbow,Wii U
1491,Transformers: Devastation,Xbox One
1492,Fatal Frame: Maiden of Black Water,Wii U
1493,Minecraft: Story Mode - A Telltale Games Series,PC
1494,Prison Architect,PC
1495,NBA Live 16,PlayStation 4
1496,Jotun,PC
1497,Jotun,PlayStation 4
1498,Jotun,Xbox One
1499,Animal Crossing: Happy Home Designer,3DS
1500,Tales from the Borderlands: A Telltale Game Series,PC
1501,Guitar Hero Live,PlayStation 4
1502,Life is Strange,PC
1503,The Legend of Legacy,3DS
1504,The Legend of Zelda: Tri Force Heroes,3DS
1505,Mushroom 11,PC
1506,Assassin's Creed Syndicate,PlayStation 4
1507,Tales of Zestiria,PlayStation 4
1508,Halo 5: Guardians,Xbox One
1509,The Park,PC
1510,Armikrog,Macintosh
1511,Sword Coast Legends,PC
1512,Minecraft: Story Mode - A Telltale Games Series,PC
1513,Need for Speed,PlayStation 4
1514,Need for Speed,Xbox One
1515,Call of Duty: Black Ops 3,PlayStation 4
1516,Call of Duty: Black Ops 3,Xbox One
1517,Yo-Kai Watch,3DS
1518,Downwell,PC
1519,Rise of the Tomb Raider,PlayStation 4
1520,Fallout 4,PlayStation 4
1521,Fallout 4,Xbox One
1522,Fallout 4,PC
1523,WWE 2K16,PlayStation 4
1524,Warhammer: End Times - Vermintide,PC
1525,Football Manager 2016,PC
1526,Read Only Memories,PC
1527,Star Wars Battlefront,PC
1528,Star Wars Battlefront,PlayStation 4
1529,Star Wars Battlefront,Xbox One
1530,Game of Thrones: A Telltale Games Series,PC
1531,Mario Tennis: Ultra Smash,Wii U
1532,Starcraft II: Legacy of the Void,PC
1533,Undertale,PC
1534,Undertale,Macintosh
1535,Bloodborne,PlayStation 4
1536,Anno 2205,PC
1537,Minecraft: Story Mode - A Telltale Games Series,PC
1538,Minecraft: Story Mode - A Telltale Games Series,Xbox One
1539,Skyshine's Bedlam,PC
1540,The Crew,PlayStation 4
1541,Xenoblade Chronicles X,Wii U
1542,Just Cause 3,PlayStation 4
1543,Just Cause 3,PC
1544,Just Cause 3,Xbox One
1545,Tom Clancy's Rainbow Six Siege,Xbox One
1546,Tom Clancy's Rainbow Six Siege,PC
1547,Tom Clancy's Rainbow Six Siege,PlayStation 4
1548,Yakuza 5,PlayStation 3
1549,Beyond: Two Souls,PlayStation 4
1550,Amplitude,PlayStation 4
1551,Assassin's Creed Chronicles: India,Xbox One
1552,Oxenfree,PC
1553,"That Dragon, Cancer",PC
1554,"That Dragon, Cancer",Macintosh
1555,Fat Princess Adventures,PlayStation 4
1556,Resident Evil 0,Xbox One
1557,DiRT Rally,PC
1558,King's Quest,PC
1559,Homeworld: Deserts of Kharak,PC
1560,The Witness,PlayStation 4
1561,Minecraft: Story Mode - A Telltale Games Series,PC
1562,SteamWorld Heist,3DS
1563,Final Fantasy Explorers,3DS
1564,Gravity Rush,PlayStation 4
1565,This War of Mine: The Little Ones,Xbox One
1566,Tharsis,PC
1567,Bombshell,PC
1568,Mario & Luigi: Paper Jam,3DS
1569,LEGO Marvel's Avengers,PlayStation 4
1570,Hard West,PC
1571,XCOM 2,PC
1572,XCOM 2,Xbox One
1573,XCOM 2,PlayStation 4
1574,The Deadly Tower of Monsters,PlayStation 4
1575,Blade & Soul,PC
1576,The Mean Greens: Plastic Warfare,PC
1577,Devilian,PC
1578,Unravel,PlayStation 4
1579,Firewatch,PC
1580,Firewatch,PlayStation 4
1581,Darkest Dungeon,PC
1582,Darkest Dungeon,PlayStation 4
1583,Darkest Dungeon,PlayStation Vita
1584,Layers of Fear,PC
1585,Fire Emblem Fates,3DS
1586,Dying Light,PlayStation 4
1587,Fire Emblem Fates,3DS
1588,Fire Emblem Fates,3DS
1589,Plants vs Zombies: Garden Warfare 2,PlayStation 4
1590,Plants vs Zombies: Garden Warfare 2,Xbox One
1591,Far Cry Primal,PlayStation 4
1592,Far Cry Primal,PC
1593,Far Cry Primal,Xbox One
1594,The Walking Dead: Michonne - A Telltale Miniseries,Xbox One
1595,The Walking Dead: Michonne - A Telltale Miniseries,PC
1596,Street Fighter V,PlayStation 4
1597,Street Fighter V,PC
1598,Assassin's Creed Chronicles: Russia,Xbox One
1599,Arslan: The Warriors of Legend,PlayStation 4
1600,The Flame in the Flood,PC
1601,SUPERHOT,PC
1602,The Legend of Zelda: Twilight Princess,Wii U
1603,Pillars of Eternity,PC
1604,Fortified,PC
1605,Klaus,PlayStation 4
1606,Gears of War,PC
1607,Devil Daggers,PC
1608,Heavy Rain,PlayStation 4
1609,Naruto Shippuden: Ultimate Ninja Storm 4,PlayStation 4
1610,Project X Zone 2,3DS
1611,Hitman,PlayStation 4
1612,Dariusburst: Chronicle Saviours,PC
1613,Dariusburst: Chronicle Saviours,PlayStation 4
1614,Dariusburst: Chronicle Saviours,PlayStation Vita
1615,Tom Clancy's The Division,PlayStation 4
1616,Tom Clancy's The Division,PC
1617,Tom Clancy's The Division,Xbox One
1618,Pokken Tournament,Wii U
1619,Casey Powell Lacrosse 16,PC
1620,Shardlight,PC
1621,EA Sports UFC 2,Xbox One
1622,Hyrule Warriors,3DS
1623,Cities: Skylines,PC
1624,Moon Hunters,PC
1625,Republique Remastered,PlayStation 4
1626,Galactic Civilizations III,PC
1627,ADR1FT,PC
1628,Trackmania Turbo,PlayStation 4
1629,Trackmania Turbo,Xbox One
1630,Trackmania Turbo,PC
1631,Samorost 3,PC
1632,Samorost 3,Macintosh
1633,Ashes of the Singularity,PC
1634,Severed,PlayStation Vita
1635,The Walking Dead: Michonne - A Telltale Miniseries,Xbox One
1636,Hitman,PlayStation 4
1637,P.O.L.L.E.N,PC
1638,Offworld Trading Company,PC
1639,"Invisible, Inc.",PlayStation 4
1640,Uncharted 4: A Thief's End,PlayStation 4
1641,Chronos,PC
1642,Battleborn,Xbox One
1643,Battleborn,PC
1644,Battleborn,PlayStation 4
1645,Galak-Z: The Dimensional,PC
1646,Alienation,PlayStation 4
1647,The Magic Circle,PlayStation 4
1648,Soft Body,PC
1649,TASTEE: Lethal Tactics,PC
1650,Stellaris,PC
1651,DOOM,PC
1652,DOOM,Xbox One
1653,DOOM,PlayStation 4
1654,Homefront: The Revolution,PC
1655,Homefront: The Revolution,PlayStation 4
1656,Homefront: The Revolution,Xbox One
1657,Total War: WARHAMMER,PC
1658,Party Hard,PlayStation 4
1659,Shadow of the Beast,PlayStation 4
1660,Hitman GO,PC
1661,Overwatch,PC
1662,Fallout 4,PlayStation 4
1663,Fallout 4,Xbox One
1664,Fallout 4,PC
1665,Kirby: Planet Robobot,3DS
1666,Teenage Mutant Ninja Turtles: Mutants in Manhattan,PlayStation 4
1667,The Witcher 3: Wild Hunt,PC
1668,Duelyst,PC
1669,Odin Sphere Leifthrasir,PlayStation 4
1670,Mirror's Edge Catalyst,Xbox One
1671,Edge of Nowhere,PC
1672,Excubitor,PC
1673,Sherlock Holmes: The Devil's Daughter,PC
1674,Tropico 5,Xbox One
1675,Dangerous Golf,PlayStation 4
1676,Hearts of Iron IV,PC
1677,Mighty No. 9,PlayStation 4
1678,Mighty No. 9,Xbox One
1679,Tokyo Mirage Sessions #FE,Wii U
1680,The Way,PC
1681,Trials of the Blood Dragon,PlayStation 4
1682,Star Ocean: Integrity and Faithlessness,PlayStation 4
1683,INSIDE,Xbox One
1684,INSIDE,PlayStation 4
1685,LEGO Star Wars: The Force Awakens,PlayStation 4
1686,Umbrella Corps,PlayStation 4
1687,The Solus Project,PC
1688,Zero Escape: Zero Time Dilemma,3DS
1689,Tom Clancy's The Division,Xbox One
1690,Dead by Daylight,PC
1691,Duskers,PC
1692,Space Run Galaxy,PC
1693,I Get This Call Every Day,PC
1694,7th Dragon III Code: VFD,3DS
1695,Asemblance,PlayStation 4
1696,7 Days to Die,Xbox One
1697,Song of the Deep,PlayStation 4
1698,Furi,PlayStation 4
1699,Breached,PC
1700,Monster Hunter Generations,3DS
1701,Pokemon GO,iOS (iPhone/iPad)
1702,Pokemon GO,Android
1703,Videoball,PC
1704,Videoball,PlayStation 4
1705,The Technomancer,PlayStation 4
1706,Ghostbusters,PlayStation 4
1707,Brigador,PC
1708,I Am Setsuna,PlayStation 4
1709,The Assembly,PC
1710,Headlander,PlayStation 4
1711,Quadrilateral Cowboy,PC
1712,Necropolis,PC
1713,God Eater Resurrection,PlayStation 4
1714,Batman: The Telltale Series,PC
1715,ABZU,PlayStation 4
1716,ABZU,PC
1717,This Is the Police,PC
1718,Kentucky Route Zero,PC
1719,No Man's Sky,PlayStation 4
1720,Bound,PlayStation 4
1721,Deus Ex GO,iOS (iPhone/iPad)
1722,Deus Ex: Mankind Divided,PC
1723,The King of Fighters XIV,PlayStation 4
1724,Metroid Prime: Federation Force,3DS
1725,Madden NFL 17,PlayStation 4
1726,Madden NFL 17,Xbox One
1727,Attack on Titan,PlayStation 4
1728,JoJo's Bizarre Adventure: Eyes of Heaven,PlayStation 4
1729,Alone With You,PlayStation 4
1730,Alone With You,PlayStation Vita
1731,Master of Orion,PC
1732,Obduction,PC
1733,Valley,PC
1734,Valley,Xbox One
1735,Valley,PlayStation 4
1736,Grow Up,PlayStation 4
1737,Mother Russia Bleeds,PC
1738,F1 2016,PlayStation 4
1739,Phoenix Wright: Ace Attorney - Spirit of Justice,3DS
1740,NHL 17,Xbox One
1741,NHL 17,PlayStation 4
1742,The Final Station,PC
1743,ReCore,Xbox One
1744,The Tomorrow Children,PlayStation 4
1745,Shin Megami Tensei IV: Apocalypse,3DS
1746,Worms W.M.D,PC
1747,Worms W.M.D,Xbox One
1748,Pac-Man Championship Edition 2,PlayStation 4
1749,Pac-Man Championship Edition 2,Xbox One
1750,Pac-Man Championship Edition 2,PC
1751,RIVE,PC
1752,RIVE,PlayStation 4
1753,Batman: The Telltale Series,PC
1754,Forza Horizon 3,PC
1755,Forza Horizon 3,Xbox One
1756,God Eater 2,PlayStation 4
1757,Pro Evolution Soccer 2017,PlayStation 4
1758,NBA 2K17,PlayStation 4
1759,Destiny,PlayStation 4
1760,Destiny,Xbox One
1761,FIFA 17,PlayStation 4
1762,FIFA 17,Xbox One
1763,World of Warcraft,PC
1764,River City: Tokyo Rumble,3DS
1765,Azure Striker Gunvolt 2,3DS
1766,Sonic Boom: Fire & Ice,3DS
1767,Batman: Arkham VR,PlayStation 4
1768,PlayStation VR WORLDS,PlayStation 4
1769,Thumper,PlayStation 4
1770,SuperHyperCube,PlayStation 4
1771,Until Dawn: Rush of Blood,PlayStation 4
1772,Paper Mario: Color Splash,Wii U
1773,Yo-Kai Watch 2,3DS
1774,Gears of War 4,Xbox One
1775,Battlezone,PlayStation 4
1776,Rez,PlayStation 4
1777,Atlas Reactor,PC
1778,Giant Machines 2017,PC
1779,Duke Nukem 3D: 20th Anniversary World Tour,PC
1780,Mafia III,PlayStation 4
1781,Mafia III,Xbox One
1782,Mafia III,PC
1783,Skylanders Imaginators,PlayStation 4
1784,Shadow Warrior 2,PC
1785,RIGS: Mechanized Combat League,PlayStation 4
1786,Battlefield 1,PC
1787,Battlefield 1,Xbox One
1788,Battlefield 1,PlayStation 4
1789,Eagle Flight,PC
1790,WWE 2K17,PlayStation 4
1791,The Silver Case,PC
1792,100ft Robot Golf,PlayStation 4
1793,Titanfall 2,PlayStation 4
1794,Titanfall 2,Xbox One
1795,Sid Meier's Civilization VI,PC
1796,World of Final Fantasy,PlayStation 4
1797,BUTCHER,PC
1798,Dark Souls III,PlayStation 4
1799,Dark Souls III,Xbox One
1800,Dark Souls III,PC
1801,Oceanhorn: Monster of Uncharted Seas,PlayStation 4
1802,Owlboy,PC
1803,Batman: The Telltale Series,PC
1804,Call of Duty: Infinite Warfare,PC
1805,Call of Duty: Infinite Warfare,Xbox One
1806,Call of Duty: Infinite Warfare,PlayStation 4
