,Developer,Game Title
0,Bugbear,Ridge Racer Unbounded
1,Lab Zero Games,Skullgirls: Encore
2,Paradox Interactive,Gettysburg: Armored Warfare
3,Lab Zero Games,Skullgirls: Encore
4,Polytron Corp.,Fez
5,11 bit studios,Anomaly: Warzone Earth
6,Playbrains,World Gone Sour
7,Playbrains,World Gone Sour
8,CD Projekt Red Studio,The Witcher 2: Assassins of Kings
9,Amanita Design,Botanicula
10,Ganbarion,Pandora's Tower
11,Cyanide,Confrontation
12,Almost Human,Legend of Grimrock
13,Traveller's Tales,LEGO Harry Potter: Years 5-7
14,Warner Bros. Interactive Entertainment,LEGO Harry Potter: Years 5-7
15,Hi-Rez Studios,Tribes: Ascend
16,1C-Softclub,Men of War: Condemned Heroes
17,Turbo Tape Games,Naval War: Arctic Circle
18,Delta Factory,Phantom Breaker
19,Capybara Games,Superbrothers: Sword & Sworcery EP
20,EA Sports,FIFA Soccer 12
21,Electronic Arts,FIFA Soccer 12
22,EA Canada,FIFA Soccer 12
23,EA Sports,FIFA Soccer 12
24,Electronic Arts,FIFA Soccer 12
25,EA Canada,FIFA Soccer 12
26,Namco Bandai Games,Tales of Graces F
27,Ubisoft,Trials Evolution
28,RedLynx,Trials Evolution
29,Radical Entertainment,Prototype 2
30,Radical Entertainment,Prototype 2
31,Telltale Games,The Walking Dead: A Telltale Games Series
32,Square Enix,The Walking Dead: A Telltale Games Series
33,Telltale Games,The Walking Dead: A Telltale Games Series
34,Square Enix,The Walking Dead: A Telltale Games Series
35,Climax Group,Bloodforge
36,NetherRealm Studios,Mortal Kombat (2011)
37,Telltale Games,The Walking Dead: A Telltale Games Series
38,Square Enix,The Walking Dead: A Telltale Games Series
39,Lionhead Studios,Fable Heroes
40,Rebellion,Sniper Elite V2
41,Rebellion,Sniper Elite V2
42,Piranha Bytes,Risen 2: Dark Waters
43,superflat games,Lone Survivor
44,Curve Studios,Lone Survivor
45,exDream,Fireburst
46,"Arcen Games, LLC",A Valley Without Wind
47,Dark Artz Entertainment,Revelations 2012
48,LightBox Interactive,Starhawk
49,Notch,Minecraft
50,Mojang AB,Minecraft
51,4J Studios,Minecraft
52,Capcom,Street Fighter X Tekken
53,QLOC,Street Fighter X Tekken
54,Plastic,Datura
55,Ronimo Games,Awesomenauts
56,Abstraction Games,Awesomenauts
57,Kalypso,Port Royale 3: Pirates and Merchants
58,Camelot Software Planning,Mario Tennis Open
59,Rockstar Studios,Max Payne 3
60,Rockstar Studios,Max Payne 3
61,Cave,Akai Katana Shin
62,Bluehole Studio,TERA
63,En Masse Entertainment,TERA
64,Cyanide,Game of Thrones
65,Ino-Co,Warlock: Master of the Arcane
66,Cyanide,Game of Thrones
67,Sonic Team,Sonic the Hedgehog 4: Episode II
68,Sega,Sonic the Hedgehog 4: Episode II
69,TOSE,Sonic the Hedgehog 4: Episode II
70,Dimps Corporation,Sonic the Hedgehog 4: Episode II
71,Ubisoft Paris,Tom Clancy's Ghost Recon: Future Soldier
72,Sonic Team,Sonic the Hedgehog 4: Episode II
73,Sega,Sonic the Hedgehog 4: Episode II
74,TOSE,Sonic the Hedgehog 4: Episode II
75,Dimps Corporation,Sonic the Hedgehog 4: Episode II
76,Sonic Team,Sonic the Hedgehog 4: Episode II
77,Sega,Sonic the Hedgehog 4: Episode II
78,TOSE,Sonic the Hedgehog 4: Episode II
79,Dimps Corporation,Sonic the Hedgehog 4: Episode II
80,Blizzard Entertainment,Diablo III
81,Activision,Diablo III
82,Codemasters,DiRT Showdown
83,Slant Six,Resident Evil: Operation Raccoon City
84,Magic Pockets,Battleship (2012)
85,Double Helix Games,Battleship (2012)
86,Electronic Arts,Battleship (2012)
87,ReadySoft,Dragon's Lair
88,Visionary Design Technologies,Dragon's Lair
89,Cinematronics,Dragon's Lair
90,Readysoft Inc.,Dragon's Lair
91,Superclub,Dragon's Lair
92,Wizardry Engineering,Dragon's Lair
93,United Coders,Dragon's Lair
94,Digital Leisure Inc.,Dragon's Lair
95,Digital Eclipse,Dragon's Lair
96,Code Mystics Inc.,Dragon's Lair
97,MMJ Games,Dragon's Lair
98,Gamepires,Combat Carnage
99,Nihilistic,Resistance: Burning Skies
100,Capcom,Dragon's Dogma
101,Capcom,Dragon's Dogma
102,SuperMassive Games,Doctor Who: The Eternity Clock
103,Techland,Mad Riders
104,Feral Interactive,Batman: Arkham City
105,Rocksteady Studios,Batman: Arkham City
106,WB Games Montreal,Batman: Arkham City
107,Remedy Entertainment,Alan Wake's American Nightmare
108,Codemasters,DiRT Showdown
109,The Workshop,Sorcery
110,FUN Labs,Men in Black: Alien Crisis
111,FUN Labs,Men in Black: Alien Crisis
112,Fishing Cactus,Shifting World
113,Saber Interactive,Inversion
114,Frogwares,World of Battles: Morningstar
115,X1 Software,Iron Front: Liberation 1944
116,Gust,Atelier Meruru: The Apprentice of Arland
117,Benjamin Rivers,Home
118,Bluepoint Games,Gravity Rush
119,SCE Japan Studio,Gravity Rush
120,Mondo Productions,Babel Rising
121,Sega AM2,Virtua Fighter 5: Final Showdown
122,Sega AM2,Virtua Fighter 5: Final Showdown
123,Grasshopper Manufacture,Lollipop Chainsaw
124,Rockstar Studios,Max Payne 3
125,Grasshopper Manufacture,Lollipop Chainsaw
126,FuturLab,Velocity
127,From Software,Steel Battalion: Heavy Armor
128,Koei,Pokemon Conquest
129,Firaxis Games,Sid Meier's Civilization V
130,2K Games,Sid Meier's Civilization V
131,Airtight Games,Quantum Conundrum
132,TT Games,LEGO Batman 2: DC Super Heroes
133,Playcast-media,LEGO Batman 2: DC Super Heroes
134,Traveller's Tales,LEGO Batman 2: DC Super Heroes
135,Beenox,The Amazing Spider-Man
136,Gameloft,The Amazing Spider-Man
137,Other Ocean Interactive,The Amazing Spider-Man
138,Mercenary Technology,The Amazing Spider-Man
139,TT Games,LEGO Batman 2: DC Super Heroes
140,Playcast-media,LEGO Batman 2: DC Super Heroes
141,Traveller's Tales,LEGO Batman 2: DC Super Heroes
142,Daedalic Entertainment,Deponia
143,Beenox,The Amazing Spider-Man
144,Gameloft,The Amazing Spider-Man
145,Other Ocean Interactive,The Amazing Spider-Man
146,Mercenary Technology,The Amazing Spider-Man
147,Yager,Spec Ops: The Line
148,Yager,Spec Ops: The Line
149,Genki,Metal Gear Solid HD Collection
150,Bluepoint Games,Metal Gear Solid HD Collection
151,Zeboyd Games,Penny Arcade Adventures: Episode Three
152,TinkerHouse Games,Penny Arcade Adventures: Episode Three
153,Mike Bithell,Thomas Was Alone
154,Yager,Spec Ops: The Line
155,Ironclad Games,Sins of a Solar Empire: Rebellion
156,Indies Zero ,Theatrhythm Final Fantasy
157,Square Enix,Theatrhythm Final Fantasy
158,Telltale Games,The Walking Dead: A Telltale Games Series
159,Square Enix,The Walking Dead: A Telltale Games Series
160,xii games,Resonance
161,Ubisoft Paris,Tom Clancy's Ghost Recon: Future Soldier
162,Bethesda Game Studios,The Elder Scrolls V: Skyrim
163,Derek Yu,Spelunky
164,Mossmouth,Spelunky
165,Fatshark AB,Krater
166,Koei Tecmo Games,Project Zero 2: Wii Edition
167,Hydravision,Dungeon Twister
168,Amplitude Studios ,Endless Space
169,EA Tiburon,NCAA Football 13
170,Slightly Mad Studios,Test Drive: Ferrari Racing Legends
171,Atari SA,Test Drive: Ferrari Racing Legends
172,Funcom,The Secret World
173,Brain Candy,Fray (2011)
174,E-One Studio,Hoodwink
175,Sega Studios Australia,London 2012 - The Official Video Game of the Olympic Games
176,Sega Studios Australia,London 2012 - The Official Video Game of the Olympic Games
177,Airtight Games,Quantum Conundrum
178,Airtight Games,Quantum Conundrum
179,Daedalic Entertainment,The Dark Eye: Chains of Satinav
180,Telltale Games,The Walking Dead: A Telltale Games Series
181,Square Enix,The Walking Dead: A Telltale Games Series
182,Telltale Games,The Walking Dead: A Telltale Games Series
183,Square Enix,The Walking Dead: A Telltale Games Series
184,Robomodo,Tony Hawk's Pro Skater HD
185,Right Square Bracket Left Square Bracket Games,Dyad (2012)
186,n-Space,Heroes of Ruin
187,JoWooD Entertainment AG,SpellForce 2: Faith in Destiny
188,Iron Galaxy Studios,Wreckateer
189,Square Enix,Kingdom Hearts 3D: Dream Drop Distance
190,Radical Entertainment,Prototype 2
191,Big Cave Games,ORC: Vengeance
192,Tequila Works,Deadlight
193,Career Soft,Growlanser: Wayfarer of Time
194,SideQuest Studios,Rainbow Moon
195,Stardock,The Political Machine 2012
196,Robot Entertainment,Orcs Must Die! 2
197,ZootFly,The Expendables 2 Videogame
198,Nintendo,New Super Mario Bros. 2
199,Arc System Works,Persona 4 Arena
200,Arc System Works,Persona 4 Arena
201,Ronimo Games,Awesomenauts
202,Abstraction Games,Awesomenauts
203,Emobi Games,7554
204,SCEA,Sound Shapes
205,Engient,Rigonauts
206,SCEA,Sound Shapes
207,Mountain Sheep,Death Rally (2012)
208,Remedy Entertainment,Death Rally (2012)
209,5TH Cell,Hybrid (2012)
210,Gunfire Games,Darksiders II
211,Vigil Games,Darksiders II
212,Kaiko,Darksiders II
213,Feral Interactive,Sleeping Dogs
214,United Front Games,Sleeping Dogs
215,Gunfire Games,Darksiders II
216,Vigil Games,Darksiders II
217,Kaiko,Darksiders II
218,Empty Clip Studios,Symphony (2012)
219,Feral Interactive,Sleeping Dogs
220,United Front Games,Sleeping Dogs
221,Feral Interactive,Sleeping Dogs
222,United Front Games,Sleeping Dogs
223,Humble Hearts,Dust: An Elysian Tail
224,Minority Media Inc.,Papo & Yo
225,Qooc Soft,Kung Fu Strike: The Warrior's Rise
226,Qooc Software,Kung Fu Strike: The Warrior's Rise
227,Vigil Games,Darksiders II
228,Gunfire Games,Darksiders II
229,Kaiko,Darksiders II
230,Novacore Studios,Legends of Pegasus
231,24 Carat Games,Retro/Grade
232,Mercenary Technologies,Transformers: Fall of Cybertron
233,High Moon Studios,Transformers: Fall of Cybertron
234,Mercenary Technologies,Transformers: Fall of Cybertron
235,High Moon Studios,Transformers: Fall of Cybertron
236,Talawa Games,Unmechanical
237,Teotl Studios,Unmechanical
238,Grip Games,Unmechanical
239,Mercenary Technologies,Transformers: Fall of Cybertron
240,High Moon Studios,Transformers: Fall of Cybertron
241,EA Tiburon,Madden NFL 13
242,Acony Games,Bullet Run
243,EA Tiburon,Madden NFL 13
244,Harmonix Music Systems,Rock Band Blitz
245,Capcom,JoJo's Bizarre Adventure HD Ver.
246,Capcom,JoJo's Bizarre Adventure HD Ver.
247,Fishlabs,Galaxy On Fire 2 Full HD
248,Telltale Games,The Walking Dead: A Telltale Games Series
249,Square Enix,The Walking Dead: A Telltale Games Series
250,Ubisoft Singapore,Tom Clancy's Ghost Recon Phantoms
251,EA Tiburon,Madden NFL 13
252,Valve Software,Counter-Strike: Global Offensive
253,BioWare,Mass Effect 3
254,Straight Right,Mass Effect 3
255,Big Robot Ltd,AVSEQ
256,Valve Software,Counter-Strike: Global Offensive
257,Valve Software,Counter-Strike: Global Offensive
258,PlatinumGames,Anarchy Reigns
259,System Prisma,Legasista
260,Acquire,Way of the Samurai 4
261,Klei Entertainment,Mark of the Ninja
262,Retro Affect,Snapshot
263,From Software,Dark Souls
264,Spooky Squid Games,They Bleed Pixels
265,ArenaNet,Guild Wars 2
266,Bandai Namco Games,Tekken Tag Tournament 2
267,Namco Bandai Games,Tekken Tag Tournament 2
268,Electronic Arts,NHL 13
269,Electronic Arts,NHL 13
270,Chillingo Ltd,Tiny Troopers
271,Kukouri Mobile Entertainment,Tiny Troopers
272,WayForward,Double Dragon: Neon
273,WayForward,Double Dragon: Neon
274,Hello Games,Joe Danger 2: The Movie
275,Four Door Lemon,Joe Danger 2: The Movie
276,EA Games,The Sims 3
277,Iron Monkey,The Sims 3
278,Exient Entertainment,The Sims 3
279,The Sims Studio,The Sims 3
280,Maxis,The Sims 3
281,Electronic Arts,The Sims 3
282,EA Redwood Shores,The Sims 3
283,EA Mobile,The Sims 3
284,Sega,Jet Set Radio
285,Smilebit,Jet Set Radio
286,Blit,Jet Set Radio
287,Eyebrow Interactive,Closure
288,Subset Games,FTL: Faster Than Light
289,Gearbox Software,Borderlands 2
290,Aspyr,Borderlands 2
291,Iron Galaxy Studios,Borderlands 2
292,Crispy's,Tokyo Jungle
293,Tarsier Studios,LittleBigPlanet PS Vita
294,Double Eleven,LittleBigPlanet PS Vita
295,SuperMassive Games,LittleBigPlanet PS Vita
296,Konami,Pro Evolution Soccer 2013
297,Codemasters,F1 2012
298,Codemasters,F1 2012
299,Konami,Pro Evolution Soccer 2013
300,Okugi Studio,Shad'O
301,Gearbox Software,Borderlands 2
302,Aspyr,Borderlands 2
303,Iron Galaxy Studios,Borderlands 2
304,Alkemi Games,Transcripted
305,Gearbox Software,Borderlands 2
306,Aspyr,Borderlands 2
307,Iron Galaxy Studios,Borderlands 2
308,Team Ninja,Dead or Alive 5
309,Runic Games,Torchlight II
310,Team Ninja,Dead or Alive 5
311,Arkedo Studio,Hell Yeah! Wrath of the Dead Rabbit
312,Mad Catz,Damage Inc.: Pacific Squadron WWII
313,QLOC,Resident Evil 6
314,Capcom,Resident Evil 6
315,Arkedo Studio,Hell Yeah! Wrath of the Dead Rabbit
316,Electronic Arts,FIFA Soccer 13
317,Electronic Arts,FIFA Soccer 13
318,BlueGiant Interactive,Tryst
319,Frogwares,The Testament of Sherlock Holmes
320,QLOC,Resident Evil 6
321,Capcom,Resident Evil 6
322,Game Freak,Pokemon Black/White Version 2
323,Robot Entertainment,Hero Academy
324,Omega Force,One Piece: Pirate Warriors
325,Game Freak,Pokemon Black/White Version 2
326,Wizarbox,Realms of Ancient War
327,Electronic Arts,FIFA Soccer 13
328,Sonic Team,NiGHTS Into Dreams...
329,Sega,NiGHTS Into Dreams...
330,HB Studios Multimedia,NBA Baller Beats
331,Fatshark AB,War of the Roses
332,Arkane Studios,Dishonored
333,Arkane Studios,Dishonored
334,Arkane Studios,Dishonored
335,Firaxis Games,XCOM: Enemy Unknown
336,Feral Interactive,XCOM: Enemy Unknown
337,2K Games,XCOM: Enemy Unknown
338,Firaxis Games,XCOM: Enemy Unknown
339,Feral Interactive,XCOM: Enemy Unknown
340,2K Games,XCOM: Enemy Unknown
341,Spike,Dragon Ball Z for Kinect
342,Firaxis Games,XCOM: Enemy Unknown
343,Feral Interactive,XCOM: Enemy Unknown
344,2K Games,XCOM: Enemy Unknown
345,Milestone S.r.l,WRC 3: FIA World Rally Championship
346,Boss Baddie,WRC 3: FIA World Rally Championship
347,Lionhead Studios,Fable: The Journey
348,Telltale Games,The Walking Dead: A Telltale Games Series
349,Square Enix,The Walking Dead: A Telltale Games Series
350,PLAYGROUND,Forza Horizon
351,Level 5,Professor Layton and the Miracle Mask
352,Virtuos,NBA 2K13
353,2K Sports,NBA 2K13
354,Visual Concepts,NBA 2K13
355,Virtuos,NBA 2K13
356,2K Sports,NBA 2K13
357,Visual Concepts,NBA 2K13
358,Level 5,Inazuma Eleven Strikers
359,Vblank Entertainment Inc.,Retro City Rampage
360,Telltale Games,The Walking Dead: A Telltale Games Series
361,Square Enix,The Walking Dead: A Telltale Games Series
362,Telltale Games,The Walking Dead: A Telltale Games Series
363,Square Enix,The Walking Dead: A Telltale Games Series
364,Vblank Entertainment Inc.,Retro City Rampage
365,Griptonite Games,Warlords (2011)
366,Giant Sparrow,The Unfinished Swan
367,Armature Studio,The Unfinished Swan
368,Harmonix Music Systems,Dance Central 3
369,Behaviour Interactive,Naughty Bear: Panic in Paradise
370,Different Tuna,Derrick the Deathfin
371,Gearbox Software,Borderlands 2
372,Aspyr,Borderlands 2
373,Iron Galaxy Studios,Borderlands 2
374,Compile Heart,Mugen Souls
375,GCREST,Mugen Souls
376,Grasshopper Manufacture,Liberation Maiden
377,Eurocom Entertainment Software,007 Legends
378,Eurocom Entertainment Software,007 Legends
379,Toylogic Inc.,Happy Wars
380,WayForward,Silent Hill: Book of Memories
381,Ubisoft,Just Dance 4
382,Ubisoft Paris,Just Dance 4
383,Ubisoft,Just Dance 4
384,Ubisoft Paris,Just Dance 4
385,Ubisoft,Just Dance 4
386,Ubisoft Paris,Just Dance 4
387,Blizzard Entertainment,World of Warcraft
388,ChunSoft,Zero Escape: Virtue's Last Reward
389,Sports Interactive,Football Manager 2013
390,Shiver Games,Lucius
391,UIG Entertainment,Lucius
392,The Farm 51,Painkiller: Hell & Damnation
393,Danger Close,Medal of Honor: Warfighter
394,Danger Close,Medal of Honor: Warfighter
395,Devolver Digital,Hotline Miami
396,Dennaton,Hotline Miami
397,Abstraction Games,Hotline Miami
398,Dream Bot Studios LLC,Zombie Driver HD
399,EXOR Studios,Zombie Driver HD
400,Ubisoft,Assassin's Creed III
401,Ubisoft Quebec,Assassin's Creed III
402,Criterion Games,Need for Speed: Most Wanted - A Criterion Game
403,Criterion Games,Need for Speed: Most Wanted - A Criterion Game
404,THQ,WWE '13
405,Yuke's,WWE '13
406,High Voltage Software,Zone of the Enders HD Collection
407,Ubisoft Sofia,Assassin's Creed III: Liberation
408,Ubisoft,Assassin's Creed III: Liberation
409,343 Industries,Halo 4
410,Certain Affinity,Halo 4
411,Media Molecule,LittleBigPlanet Karting
412,United Front Games,LittleBigPlanet Karting
413,High Voltage Software,Zone of the Enders HD Collection
414,Marvelous AQL,Super Monkey Ball: Banana Splitz
415,Studio Saizensen,Code of Princess
416,SCEE London Studio,Wonderbook: Book of Spells
417,Might and Delight,Pid
418,Might and Delight,Pid
419,ChunSoft,Zero Escape: Virtue's Last Reward
420,Lukewarm Media,Primal Carnage
421,Intelligent Systems,Paper Mario: Sticker Star
422,Codemasters,F1 Race Stars
423,Codemasters,F1 Race Stars
424,Codemasters,F1 Race Stars
425,Treyarch,Call of Duty: Black Ops II
426,Cyanide,Of Orcs and Men
427,Spiders,Of Orcs and Men
428,Unknown Worlds Entertainment,Natural Selection 2
429,Treyarch,Call of Duty: Black Ops II
430,Ubisoft Montpellier,ZombiU
431,Treyarch,Call of Duty: Black Ops II
432,Nintendo,New Super Mario Bros. U
433,Blitz Games Studios,Disney Epic Mickey 2: The Power of Two
434,Disney Interactive Studios,Disney Epic Mickey 2: The Power of Two
435,Junction Point,Disney Epic Mickey 2: The Power of Two
436,Feral Interactive,Hitman: Absolution
437,Io Interactive,Hitman: Absolution
438,Team Ninja,Ninja Gaiden 3: Razor's Edge
439,Nintendo,Nintendo Land
440,Liquid Entertainment,Karateka (2012)
441,SuperBot Entertainment,PlayStation All-Stars Battle Royale
442,Bluepoint Games,PlayStation All-Stars Battle Royale
443,FreeStyleGames,SiNG Party
444,Vigil Games,Darksiders II
445,Gunfire Games,Darksiders II
446,Kaiko,Darksiders II
447,SuperBot Entertainment,PlayStation All-Stars Battle Royale
448,Bluepoint Games,PlayStation All-Stars Battle Royale
449,TT Games,LEGO The Lord of the Rings
450,Traveller's Tales,LEGO The Lord of the Rings
451,Feral Interactive,LEGO The Lord of the Rings
452,Stardock,Elemental: Fallen Enchantress
453,Sumo Digital,Sonic & All-Stars Racing Transformed
454,Telltale Games,The Walking Dead: A Telltale Games Series
455,Square Enix,The Walking Dead: A Telltale Games Series
456,Sumo Digital,Sonic & All-Stars Racing Transformed
457,2 Dawn Games,Ravaged
458,ATLUS,Persona 4 Golden
459,Sumo Digital,Sonic & All-Stars Racing Transformed
460,Telltale Games,The Walking Dead: A Telltale Games Series
461,Square Enix,The Walking Dead: A Telltale Games Series
462,Telltale Games,The Walking Dead: A Telltale Games Series
463,Square Enix,The Walking Dead: A Telltale Games Series
464,Feral Interactive,Batman: Arkham City
465,Rocksteady Studios,Batman: Arkham City
466,WB Games Montreal,Batman: Arkham City
467,Namco,Tank! Tank! Tank!
468,Namco Bandai Games,Tank! Tank! Tank!
469,DreamRift,Disney Epic Mickey: The Power of Illusion
470,BioWare,Mass Effect 3
471,Straight Right,Mass Effect 3
472,Ubisoft,Assassin's Creed III
473,Ubisoft Quebec,Assassin's Creed III
474,Nihilistic,Call of Duty: Black Ops Declassified
475,Treyarch,Call of Duty: Black Ops II
476,Electronic Arts,FIFA Soccer 13
477,5TH Cell,Scribblenauts Unlimited
478,Warner Bros.,Scribblenauts Unlimited
479,Ubisoft Montreal,Far Cry 3
480,Ubisoft Montreal,Far Cry 3
481,BioWare,Mass Effect 3
482,Straight Right,Mass Effect 3
483,Firaxis Games,XCOM: Enemy Unknown
484,Feral Interactive,XCOM: Enemy Unknown
485,2K Games,XCOM: Enemy Unknown
486,Insomniac Games,Ratchet & Clank: Full Frontal Assault
487,Tin Giant,Ratchet & Clank: Full Frontal Assault
488,Ubisoft Montreal,Far Cry 3
489,Overhaul Games,Baldur's Gate: Enhanced Edition
490,Beamdog,Baldur's Gate: Enhanced Edition
491,Monolith Productions,Guardians of Middle-Earth
492,"Frozenbyte, Inc.",Trine 2
493,Sony Online Entertainment,PlanetSide 2
494,Daybreak Games,PlanetSide 2
495,Digital Reality,Black Knight Sword
496,Grasshopper Manufacture,Black Knight Sword
497,IonFX,Miasmata
498,Daedalic Entertainment,Chaos on Deponia
499,Dark Vale Games,FORGE (2012)
500,Tomorrow Corporation,Little Inferno
501,Code Mystics Inc.,Little Inferno
502,QLOC,DmC: Devil May Cry
503,Ninja Theory,DmC: Devil May Cry
504,Cardboard Computer,Kentucky Route Zero - Act I
505,Richard Hofmeier,Cart Life
506,QLOC,DmC: Devil May Cry
507,Ninja Theory,DmC: Devil May Cry
508,QLOC,DmC: Devil May Cry
509,Ninja Theory,DmC: Devil May Cry
510,Hammerpoint Interactive,Infestation: Survivor Stories (The War Z)
511,Sandlot,Earth Defense Force 2017 Portable
512,Double Fine Productions,The Cave
513,Level 5,Ni no Kuni: Wrath of the White Witch
514,5pb,Corpse Party: Book of Shadows
515,Born Ready Games,Strike Suit Zero
516,17 Bit,Skulls of the Shogun
517,Demruth,Antichamber
518,Intelligent Systems,Fire Emblem: Awakening
519,Visceral Games,Dead Space 3
520,Visceral Games,Dead Space 3
521,Sanzaru Games,Sly Cooper: Thieves in Time
522,Cadenza,Retrovirus
523,Gearbox Software,Aliens: Colonial Marines
524,Gearbox Software,Aliens: Colonial Marines
525,Kalypso,Omerta: City of Gangsters
526,Spicy Horse,Akaneiro: Demon Hunters
527,Ed Key and David Kanaga,Proteus
528,Analgesic Productions,Anodyne
529,PlatinumGames,Metal Gear Rising: Revengeance
530,TransGaming Inc.,Metal Gear Rising: Revengeance
531,PlatinumGames,Metal Gear Rising: Revengeance
532,TransGaming Inc.,Metal Gear Rising: Revengeance
533,Crytek,Crysis 3
534,Crytek,Crysis 3
535,Crytek,Crysis 3
536,Ubisoft,Assassin's Creed III
537,Ubisoft Quebec,Assassin's Creed III
538,Awesome Games Studio,Oozi: Earth Adventure
539,Crystal Dynamics,Tomb Raider
540,Feral Interactive,Tomb Raider
541,Nixxes Software,Tomb Raider
542,United Front Games,Tomb Raider
543,Double Fine Productions,Brutal Legend
544,Ty Taylor and Mario Castaneda,The Bridge
545,The Quantum Astrophysicists Guild,The Bridge
546,Mercury Steam,Castlevania: Lords of Shadow - Mirror of Fate
547,Rebellion,Sniper Elite: Nazi Zombie Army
548,"Arcen Games, LLC",A Valley Without Wind 2
549,Gaijin Games,Bit.Trip Presents...Runner2: Future Legend of Rhythm Alien
550,Gaijin Games,Bit.Trip Presents...Runner2: Future Legend of Rhythm Alien
551,SCE Santa Monica,God of War: Ascension
552,Paradox Development Studio,March of the Eagles
553,Cyanide,Impire
554,Maxis,SimCity
555,BioWare,Mass Effect 3
556,Straight Right,Mass Effect 3
557,CyberConnect2,Naruto Shippuden: Ultimate Ninja Storm 3
558,CyberConnect2,Naruto Shippuden: Ultimate Ninja Storm 3
559,SCEA San Diego Studios,MLB 13: The Show
560,SCEA San Diego Studios,MLB 13: The Show
561,Visual Concepts,MLB 2K13
562,Visual Concepts,MLB 2K13
563,Crystal Dynamics,Tomb Raider
564,Feral Interactive,Tomb Raider
565,Nixxes Software,Tomb Raider
566,United Front Games,Tomb Raider
567,Crystal Dynamics,Tomb Raider
568,Feral Interactive,Tomb Raider
569,Nixxes Software,Tomb Raider
570,United Front Games,Tomb Raider
571,TT Games,LEGO City Undercover
572,Gamepot,Wizardry Online
573,Capcom,Monster Hunter 3 Ultimate
574,Capcom,Monster Hunter 3 Ultimate
575,Iron Galaxy Studios,Darkstalkers Resurrection
576,Virtual Programming,BioShock Infinite
577,Irrational Games,BioShock Infinite
578,2K Games,BioShock Infinite
579,ATLUS,Etrian Odyssey IV: Legends of the Titan
580,City Interactive,Sniper: Ghost Warrior 2
581,City Interactive,Sniper: Ghost Warrior 2
582,City Interactive,Sniper: Ghost Warrior 2
583,Visceral Games,Dead Space 3
584,Blizzard Entertainment,Starcraft II: Heart of the Swarm
585,Epic Games,Gears of War: Judgment
586,Black Forest Games,Giana Sisters: Twisted Dreams
587,QLOC,DmC: Devil May Cry
588,Ninja Theory,DmC: Devil May Cry
589,Next Level Games,Luigi's Mansion: Dark Moon
590,Virtual Programming,BioShock Infinite
591,Irrational Games,BioShock Infinite
592,2K Games,BioShock Infinite
593,Virtual Programming,BioShock Infinite
594,Irrational Games,BioShock Infinite
595,2K Games,BioShock Infinite
596,Milestone S.r.l,WRC Powerslide
597,Terminal Reality,The Walking Dead: Survival Instinct
598,Terminal Reality,The Walking Dead: Survival Instinct
599,Droqen,Starseed Pilgrim
600,Enigma Software Productions,Alien Spidy
601,EA Tiburon,Tiger Woods PGA Tour 14
602,EA Tiburon,Tiger Woods PGA Tour 14
603,Visceral Games,Army of Two: The Devil's Cartel
604,Game Freak,HarmoKnight
605,Visceral Games,Army of Two: The Devil's Cartel
606,"Arcen Games, LLC",Shattered Haven
607,Criterion Games,Need for Speed: Most Wanted - A Criterion Game
608,Spike Chunsoft,Pokemon Mystery Dungeon: Gates to Infinity
609,Ubisoft Quebec,Assassin's Creed III
610,Ubisoft,Assassin's Creed III
611,The Behemoth,BattleBlock Theater
612,Re-Logic,Terraria
613,Codeglue,Terraria
614,Engine Software,Terraria
615,Re-Logic,Terraria
616,Codeglue,Terraria
617,Engine Software,Terraria
618,DrinkBox Studios,Guacamelee!
619,DrinkBox Studios,Guacamelee!
620,Artifice Studio,Sang-Froid: Tales of Werewolves
621,Shiro Games,Evoland
622,Blue Isle Studios,Slender: The Arrival
623,NetherRealm Studios,Injustice: Gods Among Us
624,Armature Studio,Injustice: Gods Among Us
625,Westlake Interactive,Age of Empires II: The Age of Kings
626,In-Fusio,Age of Empires II: The Age of Kings
627,Ensemble Studios,Age of Empires II: The Age of Kings
628,SkyBox Labs,Age of Empires II: The Age of Kings
629,Hidden Path Entertainment,Age of Empires II: The Age of Kings
630,NetherRealm Studios,Injustice: Gods Among Us
631,Armature Studio,Injustice: Gods Among Us
632,Minority Media Inc.,Papo & Yo
633,Trion Worlds,Defiance
634,Trion Worlds,Defiance
635,Trion Worlds,Defiance
636,Techland,Dead Island: Riptide
637,Bongfish,Motocross Madness (2013)
638,ATLUS,Shin Megami Tensei: Devil Summoner - Soul Hackers
639,Nadeo,ShootMania Storm
640,Arkane Studios,Dishonored
641,Arkane Studios,Dishonored
642,Arkane Studios,Dishonored
643,Bossa Studios Ltd,Surgeon Simulator 2013
644,Bossa Studios,Surgeon Simulator 2013
645,Pocketwatch Games,Monaco: What's Yours Is Mine
646,Capcom,Dragon's Dogma
647,Ubisoft,Assassin's Creed III
648,Ubisoft Quebec,Assassin's Creed III
649,Techland,Dead Island: Riptide
650,Techland,Dead Island: Riptide
651,Old School Games,God Mode
652,Mike Bithell,Thomas Was Alone
653,Ubisoft Montreal,Far Cry 3: Blood Dragon
654,Ubisoft Montreal,Far Cry 3: Blood Dragon
655,Mike Bithell,Thomas Was Alone
656,Ubisoft Montreal,Far Cry 3: Blood Dragon
657,Digital Extremes,Star Trek The Video Game
658,Klei Entertainment,Don't Starve
659,BlitWorks,Don't Starve
660,Capybara Games,Don't Starve
661,SCE Japan Studio,Soul Sacrifice
662,comcept Inc.,Soul Sacrifice
663,Petroglyph,Rise of Immortals: Battle for Graxia
664,Access Games,Deadly Premonition
665,ACE Team,Zeno Clash II
666,Pieces Interactive,Leviathan: Warships
667,Born Ready Games,Strike Suit Infinity
668,Telltale Games,Poker Night 2
669,4A Games,Metro: Last Light
670,Zero Sum Games,StarDrive (2012)
671,Snowbird Games,Eador: Masters of the Broken World
672,Snowbird Game Studios,Eador: Masters of the Broken World
673,4A Games,Metro: Last Light
674,4A Games,Metro: Last Light
675,Monster Games Inc.,Donkey Kong Country Returns
676,Retro Studios,Donkey Kong Country Returns
677,Techland,Call of Juarez: Gunslinger
678,Black Hole Games,Might & Magic: Heroes VI
679,Virtuos,Might & Magic: Heroes VI
680,Limbic Entertainment,Might & Magic: Heroes VI
681,11 bit studios,Anomaly 2
682,LucasArts,Star Wars: The Old Republic
683,BioWare,Star Wars: The Old Republic
684,Most Wanted Entertainment,Thunder Wolves
685,Capcom,Resident Evil: Revelations
686,Capcom,Resident Evil: Revelations
687,Capcom,Resident Evil: Revelations
688,Capcom,Resident Evil: Revelations
689,Coffee Stain Studios,Sanctum 2
690,Coffee Stain Studios,Sanctum 2
691,Insomniac Games,Fuse
692,Insomniac Games,Fuse
693,Bridea,Renaissance Heroes
694,Facepalm Games,The Swapper
695,Codemasters,GRID 2
696,Zen Studios,CastleStorm
697,Genius Sonority Inc.,The Denpa Men 2: Beyond The Waves
698,NeocoreGames,The Incredible Adventures of Van Helsing
699,XYLA Entertainment,Rush Bros
700,Nintendo,Animal Crossing: New Leaf
701,DONTNOD Entertainment,Remember Me
702,DONTNOD Entertainment,Remember Me
703,DONTNOD Entertainment,Remember Me
704,Naughty Dog,The Last of Us
705,Stardock,Elemental: Fallen Enchantress
706,Codemasters,GRID 2
707,Abbey Games,Reus
708,Soedesco,Reus
709,Mousechief,7 Grand Steps
710,Suspicious Developments,Gunpoint
711,Tom Francis,Gunpoint
712,Daedalic Entertainment,The Night of the Rabbit
713,CCP,DUST 514
714,PLAYDEAD,LIMBO
715,Undead Labs,State of Decay
716,Iron Galaxy Studios,Dungeons & Dragons: Chronicles of Mystara
717,Gazillion,Marvel Heroes
718,Cardboard Computer,Kentucky Route Zero - Act II
719,Team2Bit,Fist Puncher
720,Jacob Lewandowski,Fist Puncher
721,Frogwares,Magrunner: Dark Pulse
722,Devolver Digital,Hotline Miami
723,Dennaton,Hotline Miami
724,Abstraction Games,Hotline Miami
725,Devolver Digital,Hotline Miami
726,Dennaton,Hotline Miami
727,Abstraction Games,Hotline Miami
728,Feral Interactive,Company of Heroes 2
729,Relic,Company of Heroes 2
730,High Moon Studios,Deadpool
731,Intelligent Systems,Game & Wario
732,Nintendo,New Super Mario Bros. U
733,Sierra Entertainment,Leisure Suit Larry in the Land of the Lounge Lizards
734,Eugen Systems,Wargame: AirLand Battle
735,baKno Games,Motorbike
736,Tragnarion Studios,Scourge: Outbreak
737,Banpresto,Project X Zone
738,Monolith Soft,Project X Zone
739,EA Tiburon,NCAA Football 14
740,Cellar Door Games,Rogue Legacy
741,Telltale Games,The Walking Dead: A Telltale Games Series
742,Square Enix,The Walking Dead: A Telltale Games Series
743,Telltale Games,The Walking Dead: A Telltale Games Series
744,Square Enix,The Walking Dead: A Telltale Games Series
745,Telltale Games,The Walking Dead: A Telltale Games Series
746,Square Enix,The Walking Dead: A Telltale Games Series
747,Cryptic Studios,Neverwinter
748,Firaxis Games,Sid Meier's Civilization V
749,2K Games,Sid Meier's Civilization V
750,Deep Silver,Ride to Hell: Retribution
751,Eutechnyx,Ride to Hell: Retribution
752,Alphadream Corporation,Mario & Luigi: Dream Team
753,The Game Kitchen,The Last Door: Chapter 1 - The Letter
754,BootdiskRevolution,Bleed
755,ATLUS,Shin Megami Tensei IV
756,NetherRealm Studios,Mortal Kombat (2011)
757,Valve Software,Dota 2
758,Reliance Big Entertainment UK Private Ltd,Pacific Rim
759,Yuke's,Pacific Rim
760,Exato Game Studios,Guncraft
761,Image Epoch,Time and Eternity
762,Angel VGD LTD,Stealth Inc: A Clone in the Dark
763,Curve Studios,Stealth Inc: A Clone in the Dark
764,Old School Games,R.I.P.D. The Game
765,DrinkBox Studios,Guacamelee!
766,KING Art,The Raven: Legacy of a Master Thief
767,DrinkBox Studios,Guacamelee!
768,Pwnee Studios,Cloudberry Kingdom
769,Kalypso,DARK
770,Nintendo,Pikmin 3
771,Harebrained Schemes LLC,Shadowrun Returns
772,Vanillaware,Dragon's Crown
773,Vanillaware,Dragon's Crown
774,Interceptor,Rise of the Triad
775,Digital Extremes,Warframe
776,Sparpweed,Ibb & Obb
777,Starbreeze,Brothers: A Tale of Two Sons
778,XPEC Entertainment Inc.,Do Not Fall
779,WayForward,Disney DuckTales Remastered
780,2K Marin,The Bureau: XCOM Declassified
781,Larian Studios,Divinity: Dragon Commander
782,DrinkBox Studios,Guacamelee!
783,Gulti,Mamorukun Curse!
784,Ubisoft Toronto,Tom Clancy's Splinter Cell: Blacklist
785,Ludochip,Cubetractor
786,Lucas Pope,"Papers, Please"
787,Volition Inc.,Saints Row IV
788,Deep Silver,Saints Row IV
789,Threaks,Beatbuddy: Tale of the Guardians
790,Volition Inc.,Saints Row IV
791,Deep Silver,Saints Row IV
792,Ubisoft Toronto,Tom Clancy's Splinter Cell: Blacklist
793,Volition Inc.,Saints Row IV
794,Deep Silver,Saints Row IV
795,Derek Yu,Spelunky
796,Mossmouth,Spelunky
797,The Fullbright Company,Gone Home
798,Midnight City,Gone Home
799,PlatinumGames,The Wonderful 101
800,Grasshopper Manufacture,Killer Is Dead
801,Ska Studios,Charlie Murder
802,SCEI,Open Me!
803,Arkane Studios,Dishonored
804,2K Marin,The Bureau: XCOM Declassified
805,Paradox Development Studio,Europa Universalis IV
806,2K Marin,The Bureau: XCOM Declassified
807,One True Game Studios,Divekick
808,Iron Galaxy Studios,Divekick
809,One True Game Studios,Divekick
810,Iron Galaxy Studios,Divekick
811,Ubisoft,Flashback
812,Altron,Disney Infinity
813,Avalanche Software,Disney Infinity
814,Ubisoft Montpellier,Rayman Legends
815,Overkill Software,Payday 2
816,505 Games,Payday 2
817,Overkill Software,Payday 2
818,505 Games,Payday 2
819,Overkill Software,Payday 2
820,505 Games,Payday 2
821,EA Sports,Madden NFL 25
822,EA Sports,Madden NFL 25
823,Spark Unlimited,Lost Planet 3
824,Spark Unlimited,Lost Planet 3
825,Spark Unlimited,Lost Planet 3
826,Full Control ApS,Space Hulk
827,bitComposer Games,Space Hulk
828,Hoplite Research,Space Hulk
829,Bandai Namco Games,Tales of Xillia
830,Derek Yu,Spelunky
831,Mossmouth,Spelunky
832,Flippfly,Race the Sun
833,Ubisoft Montpellier,Rayman Legends
834,Red Barrels,Outlast
835,Might and Delight,Shelter
836,Frictional Games,Amnesia: A Machine for Pigs
837,Disney Interactive Studios,Disney Castle of Illusion starring Mickey Mouse
838,Sega,Disney Castle of Illusion starring Mickey Mouse
839,Feral Interactive,Disney Castle of Illusion starring Mickey Mouse
840,Sega,Hatsune Miku: Project Diva f
841,Creative Assembly,Total War: Rome II
842,Red Fly Studio,Teenage Mutant Ninja Turtles: Out of the Shadows
843,SCE Japan Studio,Puppeteer
844,Zen Studios,KickBeat
845,Square Enix,Kingdom Hearts HD 1.5 ReMIX
846,Blizzard Entertainment,Diablo III
847,Activision,Diablo III
848,Blizzard Entertainment,Diablo III
849,Activision,Diablo III
850,Mercury Steam,Castlevania: Lords of Shadow
851,Electronic Arts,NHL 14
852,Electronic Arts,NHL 14
853,Guerilla Cambridge,Killzone: Mercenary
854,Image & Form,SteamWorld Dig
855,Mediatonic,Foul Play
856,Rockstar North,Grand Theft Auto V
857,Bohemia Interactive,Arma 3
858,Nintendo,The Legend of Zelda: The Wind Waker
859,HexaDrive,The Legend of Zelda: The Wind Waker
860,Konami,Pro Evolution Soccer 2014
861,Square Enix,Final Fantasy XIV Online: A Realm Reborn
862,Robot Loves Kitty,Legend of Dungeon
863,EA Romania,FIFA 14
864,EA Mobile,FIFA 14
865,Electronic Arts,FIFA 14
866,EA Canada,FIFA 14
867,The Muteki Corporation,Dragon Fantasy Book II
868,Saibot Studios,Doorways (2013)
869,ZootFly,Marlow Briggs and the Mask of Death
870,2K Sports,NBA 2K14
871,Visual Concepts,NBA 2K14
872,Piranha Games,MechWarrior Online
873,Serellan LLC,Takedown: Red Sabre
874,Serellan,Takedown: Red Sabre
875,Codemasters,F1 2013
876,Codemasters Birmingham,F1 2013
877,ATLUS,Etrian Odyssey Untold: The Millennium Girl
878,SCE Japan Studio,Rain
879,Riot Games,League of Legends
880,Knockout Games,Shadow Warrior
881,Flying Wild Hog,Shadow Warrior
882,5TH Cell,Scribblenauts Unmasked: A DC Comics Adventure
883,Blue Manchu,Card Hunter
884,CI Games,Alien Rage
885,Extend Studio,A.R.E.S. Extinction Agenda EX
886,ORiGO GAMES,A.R.E.S. Extinction Agenda EX
887,From Software,Armored Core: Verdict Day
888,Game Freak,Pokemon X / Y
889,Telltale Games,The Walking Dead: A Telltale Games Series
890,Square Enix,The Walking Dead: A Telltale Games Series
891,Quantic Dream,Beyond: Two Souls
892,Virtual Programming,BioShock Infinite
893,Irrational Games,BioShock Infinite
894,2K Games,BioShock Infinite
895,Game Freak,Pokemon X / Y
896,Telltale Games,The Wolf Among Us
897,Nippon Ichi Software,Disgaea D2: A Brighter Darkness
898,Kalypso,Rise of Venice
899,Nival Interactive,Prime World
900,Neverland,Rune Factory 4
901,Altron,Disney Infinity
902,Avalanche Software,Disney Infinity
903,Rockstar North,Grand Theft Auto V
904,Ice-pick Lodge,Knock-knock
905,HeSaw,Blue Estate
906,Whole Hog Games,Full Bore
907,Dimps Corporation,Sonic: Lost World
908,Sonic Team,Sonic: Lost World
909,Polypusher Studios,Montague's Mount
910,n-Space,Skylanders Swap Force
911,Vicarious Visions,Skylanders Swap Force
912,Beenox,Skylanders Swap Force
913,Galactic Cafe,The Stanley Parable
914,Davey Wreden,The Stanley Parable
915,Firedance Games,Salvation Prophecy
916,Rockstar North,Grand Theft Auto V
917,"Arcen Games, LLC",Bionic Dues
918,Phobic Studios,Glare (2013)
919,Ubisoft,Rocksmith 2014 Edition
920,IndieIrritum,Irritum
921,Telltale Games,The Wolf Among Us
922,Capcom,Phoenix Wright: Ace Attorney - Dual Destinies
923,Nd Cube,Wii Party U
924,Eidos Montreal,Deus Ex: Human Revolution - Director's Cut
925,Forever Entertainment S.A.,Iesabel
926,Madman Theory Games,Iesabel
927,Interwave Studios,Dark Matter (2013)
928,Ubisoft,Just Dance 2014
929,Jeppe Carlsen,140
930,Zynga,Solstice Arena
931,Iron Galaxy Studios,Batman: Arkham Origins
932,WB Games Montreal,Batman: Arkham Origins
933,Human Head Studios,Batman: Arkham Origins
934,Armature Studio,Batman: Arkham Origins Blackgate
935,Sports Interactive,Football Manager 2014
936,Ubisoft,Assassin's Creed IV: Black Flag
937,Ubisoft Montreal,Assassin's Creed IV: Black Flag
938,EKO Software,How to Survive
939,Milestone S.r.l,WRC 4: FIA World Rally Championship
940,Evolution Studios,WRC 4: FIA World Rally Championship
941,Yuke's,WWE 2K14
942,Minor Key Games,Eldritch
943,TT Games,LEGO Marvel Super Heroes
944,Level 5,Professor Layton and the Azran Legacy
945,EA DICE,Battlefield 4
946,Dice,Battlefield 4
947,Electronic Arts,Battlefield 4
948,Inti,Pac-Man and the Ghostly Adventures
949,Monkey Bar Games,Pac-Man and the Ghostly Adventures
950,Chair Entertainment,Infinity Blade III
951,BetaDwarf,FORCED
952,Mercury Steam,Castlevania: Lords of Shadow - Mirror of Fate
953,Sega Sports R&D,Mario & Sonic at the Sochi 2014 Olympic Winter Games
954,Infinity Ward,Call of Duty: Ghosts
955,Treyarch,Call of Duty: Ghosts
956,Luma Arcade,The Harvest
957,Exient Entertainment,Angry Birds Star Wars
958,Rovio Entertainment Ltd,Angry Birds Star Wars
959,Crytek,Warface
960,Nippon Ichi Software,The Guided Fate Paradox
961,Virtual Programming,BioShock Infinite
962,Irrational Games,BioShock Infinite
963,2K Games,BioShock Infinite
964,Zoink!,Stick it to the Man!
965,SCE Japan Studio,Knack
966,Grinding Gear Games,Path of Exile
967,K2,Valhalla Knights 3
968,Virtuos,XCOM: Enemy Within
969,Feral Interactive,XCOM: Enemy Within
970,Firaxis Games,XCOM: Enemy Within
971,Koboldgames,Journey of a Roach
972,SCEA,Sound Shapes
973,Guerrilla,Killzone: Shadow Fall
974,ThatGameCompany,flower
975,Bluepoint Games,flower
976,Insomniac Games,Ratchet & Clank: Into the Nexus
977,Compulsion Games,Contrast
978,Mighty Rocket Studio,Final Exam
979,Housemarque,Resogun
980,XDEV,Resogun
981,Climax Group,Resogun
982,Cipher Prime Studios,Intake
983,Nintendo,The Legend of Zelda: A Link Between Worlds
984,Nintendo,Super Mario 3D World
985,2K Sports,NBA 2K14
986,Visual Concepts,NBA 2K14
987,Scientifically Proven,Blood of the Werewolf
988,Micro Macro Games,Morphopolis
989,Daniel Walters,Morphopolis
990,Maxis,SimCity
991,Ghost Games,Need for Speed: Rivals
992,Twisted Pixel Games,LocoCycle
993,Capcom Vancouver,Dead Rising 3
994,Grounding Inc.,Crimson Dragon
995,The Farm 51,Deadfall Adventures
996,Media Molecule,Tearaway
997,Chucklefish,Risk of Rain
998,Hopoo Games,Risk of Rain
999,Aqua Plus,AquaPazza: AquaPlus Dream Match
1000,Examu,AquaPazza: AquaPlus Dream Match
1001,EA Romania,FIFA 14
1002,EA Mobile,FIFA 14
1003,Electronic Arts,FIFA 14
1004,EA Canada,FIFA 14
1005,Microsoft Game Studios,Killer Instinct
1006,Double Helix Games,Killer Instinct
1007,Iron Galaxy Studios,Killer Instinct
1008,Turn 10,Forza Motorsport 5
1009,Crytek,Ryse: Son of Rome
1010,EA Sports,NBA Live 14
1011,Maxis,SimCity
1012,The Tiniest Shark,Redshirt
1013,Nd Cube,Mario Party: Island Tour
1014,CCP,EVE Online
1015,Frontier Developments,Zoo Tycoon
1016,Zoe Mode,Powerstar Golf
1017,EA Sports,Madden NFL 25
1018,Tale of Tales,Luxuria Superbia
1019,XGenStudios,Super Motherload
1020,Ubisoft,Fighter Within
1021,Zombie Studios,Blacklight: Retribution
1022,Wargaming.net,World of Warplanes
1023,Shorebound Studios,Dead Sky
1024,WayForward,Adventure Time: Explore the Dungeon Because I DON'T KNOW!
1025,PopCap,Peggle 2
1026,Polyphony Digital,Gran Turismo 6
1027,Orthogonal Games,The Novelist
1028,Spearhead Games,Tiny Brains
1029,SCEA,Doki-Doki Universe
1030,Humanature Studios,Doki-Doki Universe
1031,Allgraf,Darkout
1032,Ackkstudios,Two Brothers
1033,Nekki,Vector (2013)
1034,NEKKI LTD,Vector (2013)
1035,Revolution Software,Broken Sword 5: The Serpent's Curse
1036,Falcom,Ys: Memories of Celceta
1037,Bitmap Brothers,Speedball 2: Brutal Deluxe
1038,Spidersoft,Speedball 2: Brutal Deluxe
1039,Crawfish Interactive,Speedball 2: Brutal Deluxe
1040,Macrospace,Speedball 2: Brutal Deluxe
1041,Vivid Games,Speedball 2: Brutal Deluxe
1042,Razorworks Studios,Speedball 2: Brutal Deluxe
1043,Beau Blyth,Samurai Gunn
1044,Fishcow Studio,Gomo
1045,Silicon Studio,Bravely Default: Flying Fairy
1046,ShadowShifters,Huntsman: The Orphanage
1047,CCP,DUST 514
1048,Telltale Games,The Walking Dead: Season Two - A Telltale Games Series
1049,Beamdog,Baldur's Gate II: Shadows of Amn
1050,Overhaul Games,Baldur's Gate II: Shadows of Amn
1051,Ideas From the Deep,Baldur's Gate II: Shadows of Amn
1052,MumboJumbo,Baldur's Gate II: Shadows of Amn
1053,BioWare,Baldur's Gate II: Shadows of Amn
1054,Interplay,Baldur's Gate II: Shadows of Amn
1055,Realta Entertainment Group,Bandfuse: Rock Legends
1056,Ubisoft,Assassin's Creed IV: Black Flag
1057,Ubisoft Montreal,Assassin's Creed IV: Black Flag
1058,Dimps Corporation,Saint Seiya: Brave Soldiers
1059,Undead Labs,State of Decay
1060,Indies Zero ,NES Remix
1061,Ivent Games,Strength of the Sword 3
1062,Egosoft,X Rebirth
1063,ThatGameCompany,flOw
1064,SuperVillain Studios,flOw
1065,343 Industries,Halo: Spartan Assault
1066,Vanguard,Halo: Spartan Assault
1067,Vanguard Games,Halo: Spartan Assault
1068,Press Play,Max: The Curse of Brotherhood
1069,Forever Entertainment S.A.,Violett
1070,Space Budgie,9.03m
1071,Re-Logic,Terraria
1072,Codeglue,Terraria
1073,Engine Software,Terraria
1074,Instant Kingdom,Driftmoon
1075,Jason Oda,continue?9876543210
1076,Epiphany Games,Frozen Hearth
1077,Renegade Kid,Dementium II
1078,Memetic Games,Dementium II
1079,Stoic,The Banner Saga
1080,Arika,Dr. Luigi
1081,Double Fine Productions,Broken Age
1082,Klei Entertainment,Don't Starve
1083,Capybara Games,Don't Starve
1084,BlitWorks,Don't Starve
1085,Interdimensional Games Inc,CONSORTIUM
1086,Messhof,Nidhogg
1087,Code Mystics Inc.,Nidhogg
1088,Daedalic Entertainment,Blackguards
1089,Proxy Studios,Pandora: First Contact
1090,Ubisoft Sofia,Assassin's Creed III: Liberation
1091,Ubisoft,Assassin's Creed III: Liberation
1092,Harvester Games,The Cat Lady
1093,Ubisoft,Might & Magic X: Legacy
1094,Limbic Entertainment,Might & Magic X: Legacy
1095,Tom Hegarty,OlliOlli
1096,Devolver Digital,OlliOlli
1097,roll7,OlliOlli
1098,Feral Interactive,Tomb Raider
1099,Crystal Dynamics,Tomb Raider
1100,Nixxes Software,Tomb Raider
1101,United Front Games,Tomb Raider
1102,CyberConnect2,Naruto Shippuden: Ultimate Ninja Storm 3 Full Burst
1103,New World Interactive,Insurgency
1104,Valve Software,Team Fortress 2
1105,Robot Entertainment,Echo Prime
1106,Telltale Games,The Wolf Among Us
1107,BioWare,Star Wars: The Old Republic
1108,LucasArts,Star Wars: The Old Republic
1109,Plastic Piranha,Rekoil
1110,"Young Horses, Inc",Octodad: Dadliest Catch
1111,Kevin Zuhn,Octodad: Dadliest Catch
1112,Square Enix,Lightning Returns: Final Fantasy XIII
1113,Naughty Dog,The Last of Us
1114,Robosoft Technologies,Fable
1115,Lionhead Studios,Fable
1116,Big Blue Box,Fable
1117,Ragequit Corporation,Strike Vector
1118,TT Games,The LEGO Movie Videogame
1119,Warner Bros. Interactive Entertainment,The LEGO Movie Videogame
1120,Spike Chunsoft,DanganRonpa: Trigger Happy Havoc
1121,Abstraction Games,DanganRonpa: Trigger Happy Havoc
1122,Spike,DanganRonpa: Trigger Happy Havoc
1123,Edge of Reality,Loadout
1124,Red Barrels,Outlast
1125,Necrophone,Jazzpunk
1126,Llamasoft,TxK
1127,Retro Studios,Donkey Kong Country: Tropical Freeze
1128,Jason Rohrer,The Castle Doctrine
1129,Double Helix Games,Strider
1130,Omega Force,Toukiden: The Age of Demons
1131,L3O Interactive,Horizon (PC)
1132,Locked Door Puzzle,Journal
1133,Hitbox ,Dustforce
1134,QLOC,Dustforce
1135,Sandlot,Earth Defense Force 2025
1136,Feral Interactive,Thief
1137,Nixxes Software,Thief
1138,Eidos Montreal,Thief
1139,PopCap,Plants vs Zombies: Garden Warfare
1140,Mercury Steam,Castlevania: Lords of Shadow 2
1141,Teyon,Rambo: The Video Game
1142,Shining Rock Software,Banished
1143,Capcom,Resident Evil 4
1144,Ideaworks3D,Resident Evil 4
1145,QLOC,Resident Evil 4
1146,Wargaming.net,World of Tanks
1147,Bloober Team,Basement Crawl
1148,Obsidian Entertainment,South Park: The Stick of Truth
1149,Ubisoft,South Park: The Stick of Truth
1150,Telltale Games,The Walking Dead: Season Two - A Telltale Games Series
1151,Limasse Five,NaissanceE
1152,Artdink,Dragon Ball Z: Battle of Z
1153,Matt Thorson,TowerFall Ascension
1154,Matt Makes Games Inc.,TowerFall Ascension
1155,Respawn Entertainment,Titanfall
1156,Bluepoint Games,Titanfall
1157,From Software,Dark Souls II
1158,Namco Bandai Games,Dark Souls II
1159,Harebrained Schemes LLC,Shadowrun Returns
1160,Rocket Bear Games,Infested Planet
1161,Arzest,Yoshi's New Island
1162,Level 5,Professor Layton VS Phoenix Wright Ace Attorney
1163,Spark Unlimited,Yaiba: Ninja Gaiden Z
1164,Kojima Productions,Metal Gear Solid V: Ground Zeroes
1165,Devolver Digital,Luftrausers
1166,Vlambeer,Luftrausers
1167,damiansommer,The Yawhg
1168,Blizzard Entertainment,Diablo III
1169,Activision,Diablo III
1170,Sucker Punch,inFamous: Second Son
1171,Wyrmbyte,Dragons and Titans
1172,Blizzard Entertainment,Hearthstone: Heroes of Warcraft
1173,N-Fusion Interactive Entertainment Corp.,Deus Ex: The Fall
1174,Square Enix,Deus Ex: The Fall
1175,Hi-Rez Studios,SMITE
1176,Nippon Ichi Software,The Witch and the Hundred Knight
1177,Square Enix,Final Fantasy X / X-2 HD Remaster
1178,Virtuos,Final Fantasy X / X-2 HD Remaster
1179,Virtual Programming,BioShock Infinite
1180,Irrational Games,BioShock Infinite
1181,2K Games,BioShock Infinite
1182,Blizzard Entertainment,Diablo III
1183,Activision,Diablo III
1184,Triumph Studios,Age of Wonders III
1185,MagicalTimeBean,Escape Goat 2
1186,Mercury Steam,Castlevania: Lords of Shadow 2
1187,Blackpowder Games ,Betrayer
1188,SCEA San Diego Studios,MLB 14: The Show
1189,Square Enix,Lightning Returns: Final Fantasy XIII
1190,Sony Online Entertainment,PlanetSide 2
1191,Daybreak Games,PlanetSide 2
1192,Bohemia Interactive,Arma 3
1193,Microsoft Game Studios,Kinect Sports Rivals
1194,Tribute Games,Mercenary Kings
1195,OUYA Publishing,Mercenary Kings
1196,Telltale Games,The Wolf Among Us
1197,Game Arts,Ragnarok Odyssey ACE
1198,Maxis,SimCity
1199,Spike,Conception II: Children of the Seven Stars
1200,Spike Chunsoft,Conception II: Children of the Seven Stars
1201,Born Ready Games,Strike Suit Zero
1202,Opus,Half Minute Hero: The Second Coming
1203,Marvelous,Half Minute Hero: The Second Coming
1204,Pinkerton Road Studio,Moebius: Empire Rising
1205,TT Games,LEGO The Hobbit
1206,Feral Interactive,LEGO The Hobbit
1207,EA Canada,2014 FIFA World Cup Brazil
1208,RedLynx,Trials Fusion
1209,Infinite Monkeys,Life Goes On
1210,Gearbox Software,Borderlands 2
1211,Aspyr,Borderlands 2
1212,Iron Galaxy Studios,Borderlands 2
1213,Experience Inc.,Demon Gaze
1214,Indies Zero ,NES Remix 2
1215,Revolution Software,Broken Sword 5: The Serpent's Curse
1216,Camelot Software Planning,Mario Golf: World Tour
1217,ZeniMax Media,The Elder Scrolls Online
1218,Iron Galaxy Studios,Batman: Arkham Origins
1219,WB Games Montreal,Batman: Arkham Origins
1220,Human Head Studios,Batman: Arkham Origins
1221,HAL Labs,Kirby: Triple Deluxe
1222,Ubisoft Montreal,Child of Light
1223,Phosfiend Systems,FRACT OSC
1224,Zombie Studios,Daylight
1225,Square Enix,Final Fantasy XIV Online: A Realm Reborn
1226,From Software,Dark Souls II
1227,Namco Bandai Games,Dark Souls II
1228,CyberConnect2,JoJo's Bizarre Adventure All-Star Battle
1229,Beenox,The Amazing Spider-Man 2
1230,Gameloft,The Amazing Spider-Man 2
1231,Spiders,Bound by Flame
1232,Rockstar North,Grand Theft Auto V
1233,Respawn Entertainment,Titanfall
1234,Bluepoint Games,Titanfall
1235,Die Gute Fabrik,Sportsfriends
1236,Wargaming.net,World of Tanks
1237,Cardboard Computer,Kentucky Route Zero - Act III
1238,Capybara Games,Super Time Force
1239,Telltale Games,The Walking Dead: Season Two - A Telltale Games Series
1240,Nintendo,Mario Kart 8
1241,NinjaBee,Nutjitsu
1242,Big Robot Ltd,"Sir, You Are Being Hunted"
1243,Supergiant Games,Transistor
1244,Puny Human Games,Blade Symphony
1245,MachineGames,Wolfenstein: The New Order
1246,Centauri Production,Memento Mori 2 - Guardian of Immortality
1247,Notch,Minecraft
1248,Mojang AB,Minecraft
1249,4J Studios,Minecraft
1250,Ino-Co,Warlock 2: The Exiled
1251,Paradox Interactive,Warlock 2: The Exiled
1252,Haemimont,Tropico 5
1253,Kalypso,Tropico 5
1254,Ubisoft Montreal,Watch Dogs
1255,Ubisoft,Watch Dogs
1256,Ubisoft Romania,Watch Dogs
1257,Nowhere Studios,Monochroma
1258,Telltale Games,The Wolf Among Us
1259,Access Games,Drakengard 3
1260,Schulenburg Software,Where is My Heart?
1261,Die Gute Fabrik,Where is My Heart?
1262,killjoygames,Air Control
1263,NeocoreGames,The Incredible Adventures of Van Helsing II
1264,Krillbite Studio,Among the Sleep
1265,Defrost Games,Project Temporality
1266,Capcom,Ultra Street Fighter IV
1267,QLOC,Ultra Street Fighter IV
1268,Other Ocean Interactive,Ultra Street Fighter IV
1269,Airtight Games,Murdered: Soul Suspect
1270,Intelligent Systems,Pushmo World
1271,Nintendo,Tomodachi Life
1272,Zerodiv,Mind Zero
1273,Exkee,Kill the Bad Guy
1274,Gearbox Software,Borderlands 2
1275,Aspyr,Borderlands 2
1276,Iron Galaxy Studios,Borderlands 2
1277,Nicalis,1001 Spikes
1278,Passtech Games,Space Run
1279,Devolver Digital,Always Sometimes Monsters
1280,Vagabond Dog,Always Sometimes Monsters
1281,PixelPlus,Entwined
1282,Capcom Vancouver,Dead Rising 3
1283,CI Games,Enemy Front
1284,11 bit studios,Anomaly Defenders
1285,Longbow Digital Arts,Hegemony Rome: The Rise of Caesar
1286,Gojira,Munin
1287,ZeniMax Media,The Elder Scrolls Online
1288,"Phosphor Games Studio, LLC",Nether
1289,Feral Interactive,GRID Autosport
1290,Codemasters,GRID Autosport
1291,Ubisoft Montpellier,Valiant Hearts: The Great War
1292,DrinkBox Studios,Tales From Space: Mutant Blobs Attack
1293,Electronic Arts,EA Sports UFC
1294,EA Sports,EA Sports UFC
1295,Scientifically Proven,Blood of the Werewolf
1296,Arc System Works,Magical Beat
1297,Yacht Club Games,Shovel Knight
1298,Guerrilla,Killzone: Shadow Fall
1299,Carbine Studios,WildStar
1300,Project Aces ,Ace Combat Infinity
1301,Edge of Reality,Transformers: Rise of the Dark Spark
1302,Goldhawk Interactive,Xenonauts
1303,MEGAFUZZ,Spoiler Alert
1304,Ubisoft Montreal,Child of Light
1305,Telltale Games,The Wolf Among Us
1306,Denby / Raze,Richard & Alice
1307,Gaijin Entertainment,War Thunder
1308,Rebellion,Sniper Elite III
1309,Wales Interactive Ltd.,Infinity Runner
1310,Crunching Koalas,MouseCraft
1311,Larian Studios,Divinity: Original Sin
1312,Telltale Games,The Walking Dead: Season Two - A Telltale Games Series
1313,The Odd Gentlemen,Wayward Manor
1314,Moonshark,Wayward Manor
1315,Pyrodactyl,Unrest
1316,Pyrodactyl Games,Unrest
1317,Interabang Entertainment,Super ComboMan
1318,From Software,Dark Souls II
1319,Namco Bandai Games,Dark Souls II
1320,Digital Dialect,Oddworld: Abe's Oddysee
1321,Oddworld Inhabitants,Oddworld: Abe's Oddysee
1322,1C-Softclub,King's Bounty: Dark Side
1323,Naughty Dog,The Last of Us
1324,Mojo Bones,Siesta Fiesta
1325,Devolver Digital,Gods Will Be Watching
1326,Creability,Only If
1327,Cellar Door Games,Rogue Legacy
1328,Wizards of the Coast,Magic: Duels of the Planeswalkers 2015
1329,"Spry Fox, LLC",Road Not Taken
1330,Spry Fox,Road Not Taken
1331,Digital Dreams,Metrico
1332,Robotality,Halfway
1333,Nintendo,Wii Sports Club
1334,Deep Silver,Sacred 3
1335,Keen Games,Sacred 3
1336,Piranha Bytes,Risen 3: Titan Lords
1337,Honeyslug Ltd,Hohokum
1338,Blizzard Entertainment,Diablo III
1339,Activision,Diablo III
1340,4A Games,Metro Redux
1341,HB Studios Multimedia,The Golf Club
1342,Carlos Coronado,MIND: Path to Thalamus
1343,Acquire,Akiba's Trip: Undead & Undressed
1344,Bossa Studios Ltd,Surgeon Simulator 2013
1345,Bossa Studios,Surgeon Simulator 2013
1346,Zojoi Studios,Shadowgate
1347,ICOM Simulations,Shadowgate
1348,Infinite Ventures,Shadowgate
1349,Threaks,Shadowgate
1350,Ubisoft,Might & Magic: Duel of Champions
1351,Dynamighty,CounterSpy
1352,Abstraction Games,Danganronpa 2: Goodbye Despair
1353,Spike Chunsoft,Danganronpa 2: Goodbye Despair
1354,Spike,Danganronpa 2: Goodbye Despair
1355,Sucker Punch,inFamous: Second Son
1356,Red 5 Studios,Firefall
1357,EA Sports,Madden NFL 15
1358,Telltale Games,The Walking Dead: Season Two - A Telltale Games Series
1359,From Software,Dark Souls II
1360,Namco Bandai Games,Dark Souls II
1361,Inti,Azure Striker Gunvolt
1362,FuturLab,Velocity 2X
1363,Mimimi Productions,The Last Tinker: City of Colors
1364,LOOT Entertainment,The Last Tinker: City of Colors
1365,Capcom Vancouver,Dead Rising 3
1366,Bungie Software,Destiny
1367,Activision,Destiny
1368,Harmonix Music Systems,Dance Central Spotlight
1369,EA Sports,NHL 15
1370,Maxis,The Sims 4
1371,Indies Zero ,Theatrhythm Final Fantasy: Curtain Call
1372,Cryptic Studios,Neverwinter
1373,Ovosonico,Murasaki Baby
1374,Human Head Studios,Minimum
1375,Xaviant Games,Lichdom: Battlemage
1376,Turtle Sandbox LLC,Cannon Brawl
1377,Omega Force,Hyrule Warriors
1378,"TECMO KOEI GAMES CO., LTD.",Hyrule Warriors
1379,No Goblin,Roundabout
1380,Avalanche Software,Disney Infinity 2.0 Edition
1381,Access Games,D4: Dark Dreams Don't Die
1382,EA Sports,FIFA 15
1383,Kadokawa Shoten,Natural Doctrine
1384,InXile Entertainment,Wasteland 2
1385,Notch,Minecraft
1386,Mojang AB,Minecraft
1387,4J Studios,Minecraft
1388,Bandai Namco Games,Super Smash Bros. for Nintendo 3DS
1389,Monolith Productions,Middle-earth: Shadow of Mordor
1390,Behaviour Interactive,Middle-earth: Shadow of Mordor
1391,Demon Wagon Studios,Kraven Manor
1392,Ubisoft Montreal,Watch Dogs
1393,Ubisoft,Watch Dogs
1394,Ubisoft Romania,Watch Dogs
1395,Green Lava Studios,Fenix Rage
1396,Sumo Digital,Forza Horizon 2
1397,PLAYGROUND,Forza Horizon 2
1398,FLOW COMBINE,SPACECOM
1399,Warner Bros. Interactive Entertainment,Gauntlet
1400,Arrowhead Game Studios,Gauntlet
1401,The Astronauts,The Vanishing of Ethan Carter
1402,FireFly Studios,Stronghold: Crusader II
1403,Scott Cawthon,Five Nights at Freddy's
1404,animdude,Five Nights at Freddy's
1405,Feral Interactive,Alien: Isolation
1406,Creative Assembly,Alien: Isolation
1407,Sega,Alien: Isolation
1408,Arc System Works,Persona 4 Arena Ultimax
1409,Cyanide,Styx: Master of Shadows
1410,Evolution Studios,Driveclub
1411,Double Fine Productions,Hack 'n' Slash
1412,2K Games,NBA 2K15
1413,2K Sports,NBA 2K15
1414,Visual Concepts,NBA 2K15
1415,Level 5,Fantasy Life
1416,Frogwares,Sherlock Holmes: Crimes & Punishments
1417,Double Fine Productions,Costume Quest 2
1418,From Software,Dark Souls II
1419,Namco Bandai Games,Dark Souls II
1420,Gearbox Software,Borderlands: The Pre-Sequel
1421,Aspyr,Borderlands: The Pre-Sequel
1422,2K Australia,Borderlands: The Pre-Sequel
1423,PlatinumGames,Bayonetta 2
1424,Crispy's,Short Peace: Ranko Tsukigime's Longest Day
1425,Crytek,Ryse: Son of Rome
1426,Amplitude Studios ,Endless Legend
1427,Feral Interactive,Sleeping Dogs
1428,United Front Games,Sleeping Dogs
1429,Rat King Entertainment,TRI
1430,Little Orbit,Falling Skies: The Game
1431,Harmonix Music Systems,Fantasia: Music Evolved
1432,Codemasters Birmingham,F1 2014
1433,Harmonix Music Systems,A City Sleeps
1434,PlatinumGames,The Legend of Korra
1435,LOOT Entertainment,Fluster Cluck
1436,Firaxis Games,Sid Meier's Civilization: Beyond Earth
1437,Aspyr,Sid Meier's Civilization: Beyond Earth
1438,Tango Gameworks,The Evil Within
1439,Almost Human,Legend of Grimrock II
1440,"Infinitap Games, LLC",Neverending Nightmares
1441,Insomniac Games,Sunset Overdrive
1442,Deck 13,Lords of the Fallen
1443,City Interactive,Lords of the Fallen
1444,Notch,Minecraft
1445,Mojang AB,Minecraft
1446,4J Studios,Minecraft
1447,Idea Factory,Fairy Fencer F
1448,Compile Heart,Fairy Fencer F
1449,Toys for Bob,Skylanders Trap Team
1450,Sledgehammer Games,Call of Duty: Advanced Warfare
1451,High Moon Studios,Call of Duty: Advanced Warfare
1452,Red Thread Games,Dreamfall Chapters
1453,Uber Entertainment,Planetary Annihilation
1454,Sports Interactive,Football Manager 2015
1455,Indies Zero ,Ultimate NES Remix
1456,Amplitude Studios ,Dungeon of the Endless
1457,Pinkerton Road Studio,Gabriel Knight: Sins of the Fathers
1458,Sierra Entertainment,Gabriel Knight: Sins of the Fathers
1459,QLOC,WWE 2K15
1460,Yuke's,WWE 2K15
1461,Depth Team,Depth
1462,EA Sports,NBA Live 15
1463,Konami,Pro Evolution Soccer 2015
1464,Giant Sparrow,The Unfinished Swan
1465,Armature Studio,The Unfinished Swan
1466,Ubisoft Montreal,Assassin's Creed Unity
1467,BioWare,Dragon Age: Inquisition
1468,Electronic Arts,Dragon Age: Inquisition
1469,Ubisoft,Assassin's Creed Rogue
1470,Ubisoft Sofia,Assassin's Creed Rogue
1471,Big Red Button Entertainment,Sonic Boom: Rise of Lyric
1472,Nexus Game Studio,Randal's Monday
1473,343 Industries,Halo: The Master Chief Collection
1474,Rockstar North,Grand Theft Auto V
1475,Ubisoft Montreal,Far Cry 4
1476,Freebird Games,A Bird Story
1477,TT Games,LEGO Batman 3: Beyond Gotham
1478,Feral Interactive,LEGO Batman 3: Beyond Gotham
1479,11 bit studios,This War of Mine
1480,Sumo Digital,LittleBigPlanet 3
1481,Game Freak,Pokemon Alpha Sapphire / Omega Ruby
1482,Fatshark AB,Escape Dead Island
1483,Full Control ApS,Space Hulk Ascension
1484,E-Line Media,Never Alone
1485,Upper One Games,Never Alone
1486,Dimps Corporation,Freedom Wars
1487,SCE Japan Studio,Freedom Wars
1488,WayForward,Adventure Time: The Secret of the Nameless Kingdom
1489,Nicalis,The Binding of Isaac: Rebirth
1490,QLOC,WWE 2K15
1491,Yuke's,WWE 2K15
1492,Super Soul,Speakeasy
1493,Telltale Games,Tales from the Borderlands: A Telltale Game Series
1494,Phantom Compass,Rollers of the Realm
1495,Bandai Namco Games,Super Smash Bros. for Wii U
1496,Lucid Games,Geometry Wars 3: Dimensions
1497,Nintendo EAD Tokyo ,Captain Toad: Treasure Tracker
1498,Telltale Games,Game of Thrones: A Telltale Games Series
1499,Fourlights,Defenders of Time
1500,Telltale Games,The Wolf Among Us
1501,EKO Software,How to Survive
1502,Nixxes Software,Lara Croft and the Temple of Osiris
1503,Crystal Dynamics,Lara Croft and the Temple of Osiris
1504,NATSUME ATARI Inc.,Phoenix Wright: Ace Attorney Trilogy
1505,Flying Wild Hog,JUJU
1506,Ubisoft Reflections,The Crew
1507,Ubisoft,The Crew
1508,Ivory Tower,The Crew
1509,PLAYDEAD,LIMBO
1510,Switchblade Monkeys,Secret Ponchos
1511,Games Farm,Shadows: Heretic Kingdoms
1512,Activision,Destiny
1513,Bungie Software,Destiny
1514,Croteam,The Talos Principle
1515,Popcannibal,Elegy for a Dead World
1516,Haemimont,Tropico 5
1517,Kalypso,Tropico 5
1518,Ubisoft San Francisco,Tetris Ultimate
1519,Blizzard Entertainment,World of Warcraft
1520,Edge of Reality,Loadout
1521,Insomniac Games,Sunset Overdrive
1522,Ludosity Interactive,Scrolls
1523,Mojang AB,Scrolls
1524,ATLUS,Persona Q: Shadow of the Labyrinth
1525,Press Play,Kalimba
1526,Finji,Lost Constellation
1527,Ubisoft Montreal,Assassin's Creed Unity
1528,Square Enix,Kingdom Hearts HD 2.5 ReMIX
1529,Capcom,Resident Evil
1530,NexTech,Resident Evil
1531,Volition Inc.,Saints Row IV
1532,Deep Silver,Saints Row IV
1533,Double Fine Productions,Grim Fandango
1534,LucasArts,Grim Fandango
1535,Daedalic Entertainment,Blackguards 2
1536,Atomicom,Switch Galaxy
1537,Wonderstruck Games,The Marvellous Miss Take
1538,GREZZO,The Legend of Zelda: Majora's Mask
1539,Nintendo,The Legend of Zelda: Majora's Mask
1540,Ivy Games LLC,Gravity Ghost
1541,Feral Interactive,Life is Strange
1542,DONTNOD Entertainment,Life is Strange
1543,Psyonix,Nosgoth
1544,Petroglyph,Grey Goo
1545,Techland,Dying Light
1546,Eden Industries,Citizens of Earth
1547,Telltale Games,Game of Thrones: A Telltale Games Series
1548,Capcom,Monster Hunter 4 Ultimate
1549,NeocoreGames,Deathtrap
1550,Frontier Developments,Elite: Dangerous
1551,Other Ocean Interactive,#IDARB
1552,Alientrap,Apotheon
1553,Turtle Rock Studios,Evolve
1554,Reality Pump,Raven's Cry
1555,Mouldy Toof Studios,The Escapists
1556,Creative Assembly,Total War: Attila
1557,Image Epoch,Criminal Girls: Invite Only
1558,HAL Labs,Kirby and the Rainbow Curse
1559,Ubisoft,Heroes of Might and Magic III
1560,New World Computing,Heroes of Might and Magic III
1561,SCE Santa Monica,The Order: 1886
1562,Ready at Dawn,The Order: 1886
1563,Ubisoft Reflections,Grow Home
1564,Atmosphere Entertainment Studios,The Legend of Candlewind: Nights & Candles
1565,Lumenox ehf,Aaru's Awakening
1566,Capcom,Resident Evil: Revelations 2
1567,Frima Studio,Resident Evil: Revelations 2
1568,Defiant Development,Hand of Fate
1569,Connor Ullmann,Oblitus
1570,"Camouflaj, LLC",Republique Remastered
1571,Frontier Developments,ScreamRide
1572,Capcom,Resident Evil: Revelations 2
1573,Frima Studio,Resident Evil: Revelations 2
1574,Arrowhead Game Studios,Helldivers
1575,Alfa System,Oreshika: Tainted Bloodlines
1576,Sideline Amusements,Q*bert: Rebooted
1577,LOOT Entertainment,Q*bert: Rebooted
1578,GPC Games,Q*bert: Rebooted
1579,Deck 13,Lords of the Fallen
1580,City Interactive,Lords of the Fallen
1581,Nintendo Software Technology,Mario vs. Donkey Kong: Tipping Stars
1582,Devolver Digital,Hotline Miami 2: Wrong Number
1583,Dennaton,Hotline Miami 2: Wrong Number
1584,roll7,OlliOlli2: Welcome to Olliwood
1585,QLOC,DmC: Devil May Cry
1586,Ninja Theory,DmC: Devil May Cry
1587,Iridium Studios,There Came an Echo
1588,Mon Studios,Ori and the Blind Forest
1589,Dimps Corporation,Dragon Ball: Xenoverse
1590,Might and Delight,Shelter 2
1591,Aspyr,Homeworld Remastered Collection
1592,Gearbox Software,Homeworld Remastered Collection
1593,Capcom,Resident Evil: Revelations 2
1594,Frima Studio,Resident Evil: Revelations 2
1595,Moon Spider Studio,Harold
1596,Lawrence Russell,Trash TV
1597,Intelligent Systems,Code Name: S.T.E.A.M.
1598,Housemarque,Resogun
1599,XDEV,Resogun
1600,Climax Group,Resogun
1601,Colossal Order,Cities: Skylines
1602,OSome Studio,White Night
1603,Nd Cube,Mario Party 10
1604,Square Enix,Final Fantasy Type-0
1605,HexaDrive,Final Fantasy Type-0
1606,Visceral Games,Battlefield Hardline
1607,Telltale Games,Tales from the Borderlands: A Telltale Game Series
1608,Capcom,Resident Evil: Revelations 2
1609,Frima Studio,Resident Evil: Revelations 2
1610,Modern Dream,LA Cops
1611,Erik Asmussen,Robot Roller-Derby Disco Dodgeball
1612,Omega Force,Bladestorm: The Hundred Years' War
1613,Koei Tecmo Games,Bladestorm: The Hundred Years' War
1614,Mode 7 Games,Frozen Cortex
1615,GriN Multimedia,Woolfe - The Red Hood Diaries
1616,Gearbox Software,Borderlands: The Pre-Sequel
1617,Aspyr,Borderlands: The Pre-Sequel
1618,2K Australia,Borderlands: The Pre-Sequel
1619,Monster Games Inc.,Xenoblade Chronicles
1620,Monolith Soft,Xenoblade Chronicles
1621,Telltale Games,Game of Thrones: A Telltale Games Series
1622,Gearbox Software,Borderlands: The Handsome Collection
1623,From Software,Bloodborne
1624,Feral Interactive,Life is Strange
1625,DONTNOD Entertainment,Life is Strange
1626,Wastelands Interactive,Worlds of Magic
1627,BioWare,Dragon Age: Inquisition
1628,Electronic Arts,Dragon Age: Inquisition
1629,Firaxis Games,Sid Meier's Starships
1630,Tom Happ,Axiom Verge
1631,Red Thread Games,Dreamfall Chapters
1632,Marvelous AQL,Story of Seasons
1633,Failbetter Games,Sunless Sea
1634,[bracket]games,Three Fourths Home
1635,Owlchemy Labs,Dyscourse
1636,Spike Chunsoft,Etrian Mystery Dungeon
1637,SCEA San Diego Studios,MLB 15: The Show
1638,Obsidian Entertainment,Pillars of Eternity
1639,From Software,Dark Souls II
1640,Namco Bandai Games,Dark Souls II
1641,Supergiant Games,Bastion
1642,Dissident Logic,Paperbound
1643,Turbine Inc.,Infinite Crisis
1644,Blue Isle Studios,Slender: The Arrival
1645,Devolver Digital,Titan Souls
1646,Acid Nerve,Titan Souls
1647,Vertex Pop,WE ARE DOOMED
1648,Warner Bros. Interactive Entertainment,Mortal Kombat X
1649,High Voltage Software,Mortal Kombat X
1650,NetherRealm Studios,Mortal Kombat X
1651,Insomniac Games,"Slow Down, Bull"
1652,Climax Group,Assassin's Creed Chronicles: China
1653,Owl Cave,The Charnel House Trilogy
1654,KnapNok Games,Affordable Space Adventures
1655,AtomicTorch,VoidExpanse
1656,Kalypso,Dungeons 2
1657,343 Industries,Halo: Spartan Strike
1658,Vanguard Games,Halo: Spartan Strike
1659,Triumph Studios,Age of Wonders III
1660,Undead Labs,State of Decay
1661,Bossa Studios,I Am Bread
1662,Just Add Water,I Am Bread
1663,Terrible Posture Games,Tower of Guns
1664,Squad,Kerbal Space Program
1665,Flying Tiger Development,Kerbal Space Program
1666,Double Fine Productions,Massive Chalice
1667,NeocoreGames,The Incredible Adventures of Van Helsing III
1668,Minor Key Games,NEON STRUCT
1669,Stainless Games,Carmageddon: Reincarnation
1670,atraxgames,Sym
1671,Blizzard Entertainment,Heroes of the Storm
1672,Cliffhanger Productions,Shadowrun Chronicles: Boston Lockdown
1673,IMGN.PRO,Kholat
1674,Good-Feel,Yoshi's Woolly World
1675,Iron Galaxy Studios,Batman: Arkham Knight
1676,Rocksteady Studios,Batman: Arkham Knight
1677,WB Games Montreal,Batman: Arkham Knight
1678,Shark Punch,The Masterplan
1679,Wander,Wander
1680,Splash Damage,Dirty Bomb
1681,Capcom,Devil May Cry 4
1682,Telltale Games,Tales from the Borderlands: A Telltale Game Series
1683,Nintendo,Dr. Mario: Miracle Cure
1684,Sam Barlow,Her Story
1685,Tomasz Waclawek,RONIN
1686,ATLUS,Etrian Odyssey 2 Untold: The Fafnir Knight
1687,Square Enix,Final Fantasy XIV Online: A Realm Reborn
1688,Night Light Interactive,Whispering Willows
1689,LOOT Interactive,Whispering Willows
1690,Abstraction Games,Whispering Willows
1691,Sony Online Entertainment,PlanetSide 2
1692,Daybreak Games,PlanetSide 2
1693,Ironward,The Red Solstice
1694,Gatling Goat Studios,Traverser
1695,TT Games,LEGO Jurassic World
1696,Warner Bros.,LEGO Jurassic World
1697,Feral Interactive,LEGO Jurassic World
1698,SCE Santa Monica,God of War III
1699,Wholesale Algorithms,God of War III
1700,Psyonix,Rocket League
1701,Aterdux Entertainment,Legends of Eisenwald
1702,Gambrinous,Guild of Dungeoneering
1703,ZeniMax Media,The Elder Scrolls Online
1704,Codemasters,F1 2015
1705,Natsume,Godzilla
1706,NATSUME ATARI Inc.,Godzilla
1707,Telltale Games,Game of Thrones: A Telltale Games Series
1708,RedLynx,Trials Fusion
1709,ThatGameCompany,Journey
1710,Tricky Pixels,Journey
1711,Blue Manchu,Card Hunter
1712,Red Thread Games,Dreamfall Chapters
1713,EA Tiburon,Rory McIlroy PGA Tour
1714,Radical Entertainment,Prototype Biohazard Bundle
1715,Game Freak,Tembo the Badass Elephant
1716,Trion Worlds,Trove
1717,ESTsoft,CABAL 2
1718,A Crowd of Monsters,Blues and Bullets
1719,Feral Interactive,Life is Strange
1720,DONTNOD Entertainment,Life is Strange
1721,FuRyu,Lost Dimension
1722,The Odd Gentlemen,King's Quest
1723,Sierra Games,King's Quest
1724,Haemimont Games,Victor Vran
1725,Rare Ltd.,Rare Replay
1726,17 Bit,Galak-Z: The Dimensional
1727,Metanet Software Inc.,N++
1728,Yanim Studio,Red Goddess: Inner World
1729,The Chinese Room,Everybody's Gone to the Rapture
1730,Croteam,The Talos Principle
1731,Mike Bithell,Volume
1732,Valhalla Game Studios,Devil's Third
1733,Telltale Games,Tales from the Borderlands: A Telltale Game Series
1734,Ty Taylor and Mario Castaneda,The Bridge
1735,The Quantum Astrophysicists Guild,The Bridge
1736,SuperMassive Games,Until Dawn
1737,BioWare,Dragon Age: Inquisition
1738,Electronic Arts,Dragon Age: Inquisition
1739,The Coalition,Gears of War
1740,Splash Damage,Gears of War
1741,Epic Games,Gears of War
1742,Kojima Productions,Metal Gear Solid V: The Phantom Pain
1743,Moby Dick Studio,Metal Gear Solid V: The Phantom Pain
1744,Spike Chunsoft,Danganronpa Another Episode: Ultra Despair Girls
1745,Level 5,LBX: Little Battlers eXperience
1746,EA Sports,Madden NFL 16
1747,Ubisoft Montpellier,ZombiU
1748,Digital Eclipse,Mega Man Legacy Collection
1749,Avalanche Software,Disney Infinity 3.0 Edition
1750,Arkane Studios,Dishonored
1751,Avalanche Studios,Mad Max
1752,Stardock,Sorcerer King
1753,Krome Studios,Toy Soldiers: War Chest
1754,Nintendo,Super Mario Maker
1755,Media Molecule,Tearaway
1756,Obsidian Entertainment,Pillars of Eternity
1757,Turn 10,Forza Motorsport 6
1758,Konami,Pro Evolution Soccer 2016
1759,EA Canada,NHL 16
1760,5 Lives Studios,Satellite Reign
1761,Frictional Games,SOMA
1762,Harebrained Schemes LLC,Shadowrun: Hong Kong
1763,Wargaming.net,World of Warships
1764,Eugen Systems,Act of Aggression
1765,Vicarious Visions,Skylanders SuperChargers
1766,Bungie Software,Destiny
1767,Activision,Destiny
1768,EA Sports,FIFA 16
1769,Electronic Arts,FIFA 16
1770,Cyanide Studios,Blood Bowl 2
1771,Cyanide,Blood Bowl 2
1772,Versus Evil,Afro Samurai 2: Revenge of Kuma Volume One
1773,Bluepoint Games,Uncharted: The Nathan Drake Collection
1774,2K Games,NBA 2K16
1775,2K Sports,NBA 2K16
1776,Visual Concepts,NBA 2K16
1777,Everything Unlimited Ltd.,The Beginner's Guide
1778,Davey Wreden,The Beginner's Guide
1779,League of Geeks,Armello
1780,Colossal Order,Cities: Skylines
1781,Harmonix Music Systems,Rock Band 4
1782,Robomodo,Tony Hawk's Pro Skater 5
1783,Firaxis Games,Sid Meier's Civilization: Beyond Earth
1784,Aspyr,Sid Meier's Civilization: Beyond Earth
1785,Koei Tecmo Games,Dragon Quest Heroes: The World Tree's Woe and the Blight Below
1786,Square Enix,Dragon Quest Heroes: The World Tree's Woe and the Blight Below
1787,Omega Force,Dragon Quest Heroes: The World Tree's Woe and the Blight Below
1788,CD Projekt Red Studio,The Witcher 3: Wild Hunt
1789,CD Projekt RED S.A.,The Witcher 3: Wild Hunt
1790,Frontier Developments,Elite: Dangerous
1791,Gaming Minds Studios,Grand Ages: Medieval
1792,Skip Ltd.,Chibi-Robo! Zip Lash
1793,13AM Games,Runbow
1794,PlatinumGames,Transformers: Devastation
1795,Koei Tecmo Games,Fatal Frame: Maiden of Black Water
1796,Telltale Games,Minecraft: Story Mode - A Telltale Games Series
1797,Introversion,Prison Architect
1798,Double Eleven,Prison Architect
1799,EA Sports,NBA Live 16
1800,Thunder Lotus Games,Jotun
1801,Nintendo,Animal Crossing: Happy Home Designer
1802,Telltale Games,Tales from the Borderlands: A Telltale Game Series
1803,Activision,Guitar Hero Live
1804,FreeStyleGames,Guitar Hero Live
1805,Feral Interactive,Life is Strange
1806,DONTNOD Entertainment,Life is Strange
1807,FuRyu,The Legend of Legacy
1808,Nintendo,The Legend of Zelda: Tri Force Heroes
1809,Untame,Mushroom 11
1810,Ubisoft Quebec,Assassin's Creed Syndicate
1811,Bandai Namco Games,Tales of Zestiria
1812,343 Industries,Halo 5: Guardians
1813,Funcom,The Park
1814,Pencil Test Studios,Armikrog
1815,n-Space,Sword Coast Legends
1816,Telltale Games,Minecraft: Story Mode - A Telltale Games Series
1817,Ghost Games,Need for Speed
1818,Treyarch,Call of Duty: Black Ops 3
1819,Beenox,Call of Duty: Black Ops 3
1820,Level 5,Yo-Kai Watch
1821,Moppin,Downwell
1822,Nixxes Software,Rise of the Tomb Raider
1823,Koch Media,Rise of the Tomb Raider
1824,Crystal Dynamics,Rise of the Tomb Raider
1825,Bethesda Game Studios,Fallout 4
1826,Yuke's,WWE 2K16
1827,Fatshark,Warhammer: End Times - Vermintide
1828,Fatshark AB,Warhammer: End Times - Vermintide
1829,Nordic Games Publishing,Warhammer: End Times - Vermintide
1830,Sega,Football Manager 2016
1831,MidBoss,Read Only Memories
1832,EA DICE,Star Wars Battlefront
1833,Telltale Games,Game of Thrones: A Telltale Games Series
1834,Camelot Software Planning,Mario Tennis: Ultra Smash
1835,Blizzard Entertainment,Starcraft II: Legacy of the Void
1836,tobyfox,Undertale
1837,From Software,Bloodborne
1838,Blue Byte,Anno 2205
1839,Telltale Games,Minecraft: Story Mode - A Telltale Games Series
1840,Skyshine Games,Skyshine's Bedlam
1841,Ubisoft Reflections,The Crew
1842,Ubisoft,The Crew
1843,Ivory Tower,The Crew
1844,Monolith Soft,Xenoblade Chronicles X
1845,Avalanche Studios,Just Cause 3
1846,Ubisoft Montreal,Tom Clancy's Rainbow Six Siege
1847,Ryu ga Gotoku Studios,Yakuza 5
1848,Quantic Dream,Beyond: Two Souls
1849,Harmonix Music Systems,Amplitude
1850,Climax Group,Assassin's Creed Chronicles: India
1851,Night School Studio,Oxenfree
1852,Numinous Games,"That Dragon, Cancer"
1853,SCE Santa Monica,Fat Princess Adventures
1854,Fun Bits,Fat Princess Adventures
1855,Flagship,Resident Evil 0
1856,Capcom,Resident Evil 0
1857,Codemasters,DiRT Rally
1858,The Odd Gentlemen,King's Quest
1859,Sierra Games,King's Quest
1860,Blackbird Interactive,Homeworld: Deserts of Kharak
1861,"Thekla, Inc",The Witness
1862,Telltale Games,Minecraft: Story Mode - A Telltale Games Series
1863,Image & Form,SteamWorld Heist
1864,Racjin,Final Fantasy Explorers
1865,Bluepoint Games,Gravity Rush
1866,SCE Japan Studio,Gravity Rush
1867,11 bit studios,This War of Mine: The Little Ones
1868,Choice Provisions,Tharsis
1869,Interceptor Entertainment,Bombshell
1870,Alphadream Corporation,Mario & Luigi: Paper Jam
1871,TT Games,LEGO Marvel's Avengers
1872,Feral Interactive,LEGO Marvel's Avengers
1873,CreativeForge Games,Hard West
1874,Feral Interactive,XCOM 2
1875,Firaxis Games,XCOM 2
1876,ACE Team,The Deadly Tower of Monsters
1877,NCSOFT,Blade & Soul
1878,Code Headquarters,The Mean Greens: Plastic Warfare
1879,Bluehole Ginno Games,Devilian
1880,Coldwood Interactive,Unravel
1881,Campo Santo,Firewatch
1882,Red Hook Studios,Darkest Dungeon
1883,Bloober Team,Layers of Fear
1884,Intelligent Systems,Fire Emblem Fates
1885,Techland,Dying Light
1886,Intelligent Systems,Fire Emblem Fates
1887,Intelligent Systems,Fire Emblem Fates
1888,PopCap,Plants vs Zombies: Garden Warfare 2
1889,Ubisoft Montreal,Far Cry Primal
1890,Telltale Games,The Walking Dead: Michonne - A Telltale Miniseries
1891,Skybound LLC,The Walking Dead: Michonne - A Telltale Miniseries
1892,Capcom,Street Fighter V
1893,Climax Group,Assassin's Creed Chronicles: Russia
1894,Omega Force,Arslan: The Warriors of Legend
1895,The Molasses Flood,The Flame in the Flood
1896,SUPERHOT,SUPERHOT
1897,Nintendo,The Legend of Zelda: Twilight Princess
1898,Tantalus Interactive,The Legend of Zelda: Twilight Princess
1899,Obsidian Entertainment,Pillars of Eternity
1900,Clapfoot Inc.,Fortified
1901,La Cosa Entertainment,Klaus
1902,Epic Games,Gears of War
1903,The Coalition,Gears of War
1904,Splash Damage,Gears of War
1905,Sorath,Devil Daggers
1906,Quantic Dream,Heavy Rain
1907,Virtuos,Heavy Rain
1908,CyberConnect2,Naruto Shippuden: Ultimate Ninja Storm 4
1909,Monolith Soft,Project X Zone 2
1910,Io Interactive,Hitman
1911,Pyramid,Dariusburst: Chronicle Saviours
1912,Massive Entertainment,Tom Clancy's The Division
1913,Bandai Namco Games,Pokken Tournament
1914,Crosse Studios,Casey Powell Lacrosse 16
1915,Wadjet Eye Games,Shardlight
1916,EA Sports,EA Sports UFC 2
1917,Omega Force,Hyrule Warriors
1918,"TECMO KOEI GAMES CO., LTD.",Hyrule Warriors
1919,Colossal Order,Cities: Skylines
1920,Kitfox Games,Moon Hunters
1921,"Camouflaj, LLC",Republique Remastered
1922,Stardock,Galactic Civilizations III
1923,Three One Zero,ADR1FT
1924,Nadeo,Trackmania Turbo
1925,Amanita Design,Samorost 3
1926,Oxide Games,Ashes of the Singularity
1927,Stardock,Ashes of the Singularity
1928,DrinkBox Studios,Severed
1929,Telltale Games,The Walking Dead: Michonne - A Telltale Miniseries
1930,Skybound LLC,The Walking Dead: Michonne - A Telltale Miniseries
1931,Io Interactive,Hitman
1932,Mindfield Games,P.O.L.L.E.N
1933,Mohawk Games,Offworld Trading Company
1934,Klei Entertainment,"Invisible, Inc."
1935,Naughty Dog,Uncharted 4: A Thief's End
1936,Gunfire Games,Chronos
1937,Gearbox Software,Battleborn
1938,17 Bit,Galak-Z: The Dimensional
1939,Housemarque,Alienation
1940,Question,The Magic Circle
1941,Bodysoft,Soft Body
1942,SkyBox Labs,TASTEE: Lethal Tactics
1943,Paradox Development Studio,Stellaris
1944,id Software,DOOM
1945,Deep Silver Dambuster Studios,Homefront: The Revolution
1946,Creative Assembly,Total War: WARHAMMER
1947,Pinokl Games,Party Hard
1948,Heavy Spectrum,Shadow of the Beast
1949,Square Enix Montreal,Hitman GO
1950,Square Enix,Hitman GO
1951,Blizzard Entertainment,Overwatch
1952,Bethesda Game Studios,Fallout 4
1953,HAL Labs,Kirby: Planet Robobot
1954,PlatinumGames,Teenage Mutant Ninja Turtles: Mutants in Manhattan
1955,CD Projekt Red Studio,The Witcher 3: Wild Hunt
1956,CD Projekt RED S.A.,The Witcher 3: Wild Hunt
1957,Counterplay Games,Duelyst
1958,Vanillaware,Odin Sphere Leifthrasir
1959,EA DICE,Mirror's Edge Catalyst
1960,Insomniac Games,Edge of Nowhere
1961,Tesseract Interactive,Excubitor
1962,Kasedo Games,Excubitor
1963,Frogwares,Sherlock Holmes: The Devil's Daughter
1964,Haemimont,Tropico 5
1965,Kalypso,Tropico 5
1966,Three Fields Entertainment,Dangerous Golf
1967,Paradox Interactive,Hearts of Iron IV
1968,Paradox Development Studio,Hearts of Iron IV
1969,Abstraction Games,Mighty No. 9
1970,Inti,Mighty No. 9
1971,ATLUS,Tokyo Mirage Sessions #FE
1972,Puzzling Dream,The Way
1973,RedLynx,Trials of the Blood Dragon
1974,Tri-Ace,Star Ocean: Integrity and Faithlessness
1975,PLAYDEAD,INSIDE
1976,TT Games,LEGO Star Wars: The Force Awakens
1977,Warner Bros. Interactive Entertainment,LEGO Star Wars: The Force Awakens
1978,Capcom,Umbrella Corps
1979,Grip Games,The Solus Project
1980,Chime,Zero Escape: Zero Time Dilemma
1981,Spike Chunsoft,Zero Escape: Zero Time Dilemma
1982,Massive Entertainment,Tom Clancy's The Division
1983,Behaviour Interactive,Dead by Daylight
1984,Misfits Attic,Duskers
1985,Passtech Games,Space Run Galaxy
1986,David S Gallant,I Get This Call Every Day
1987,Sega,7th Dragon III Code: VFD
1988,Nilo Studios,Asemblance
1989,The Fun Pimps Entertainment LLC,7 Days to Die
1990,Insomniac Games,Song of the Deep
1991,The Game Bakers,Furi
1992,Drama Drifters,Breached
1993,Capcom,Monster Hunter Generations
1994,Niantic Labs,Pokemon GO
1995,Action Button Entertainment,Videoball
1996,Spiders,The Technomancer
1997,Activision,Ghostbusters
1998,FireForge Games,Ghostbusters
1999,Stellar Jockeys,Brigador
2000,Tokyo RPG Factory,I Am Setsuna
2001,nDreams,The Assembly
2002,Double Fine Productions,Headlander
2003,Blendo Games,Quadrilateral Cowboy
2004,Harebrained Schemes LLC,Necropolis
2005,Shift,God Eater Resurrection
2006,Telltale Games,Batman: The Telltale Series
2007,Giant Squid,ABZU
2008,Weappy Studio,This Is the Police
2009,Cardboard Computer,Kentucky Route Zero
2010,Hello Games,No Man's Sky
2011,SCE Santa Monica,Bound
2012,Plastic,Bound
2013,Square Enix Montreal,Deus Ex GO
2014,Nixxes Software,Deus Ex: Mankind Divided
2015,Eidos Montreal,Deus Ex: Mankind Divided
2016,SNK Playmore,The King of Fighters XIV
2017,Next Level Games,Metroid Prime: Federation Force
2018,EA Sports,Madden NFL 17
2019,Omega Force,Attack on Titan
2020,CyberConnect2,JoJo's Bizarre Adventure: Eyes of Heaven
2021,Benjamin Rivers,Alone With You
2022,NGD Studios,Master of Orion
2023,Cyan Worlds,Obduction
2024,Blue Isle Studios,Valley
2025,Ubisoft Reflections,Grow Up
2026,Ubisoft,Grow Up
2027,Le Cartel Studio,Mother Russia Bleeds
2028,Codemasters,F1 2016
2029,Capcom,Phoenix Wright: Ace Attorney - Spirit of Justice
2030,EA Vancouver,NHL 17
2031,Do My Best Games,The Final Station
2032,comcept Inc.,ReCore
2033,Armature Studio,ReCore
2034,Q Games,The Tomorrow Children
2035,ATLUS,Shin Megami Tensei IV: Apocalypse
2036,Team 17,Worms W.M.D
2037,Bandai Namco Games,Pac-Man Championship Edition 2
2038,Two Tribes,RIVE
2039,Telltale Games,Batman: The Telltale Series
2040,PLAYGROUND,Forza Horizon 3
2041,Shift,God Eater 2
2042,Konami,Pro Evolution Soccer 2017
2043,2K Games,NBA 2K17
2044,Visual Concepts,NBA 2K17
2045,Bungie Software,Destiny
2046,Activision,Destiny
2047,EA Vancouver,FIFA 17
2048,Blizzard Entertainment,World of Warcraft
2049,Million,River City: Tokyo Rumble
2050,Inti,Azure Striker Gunvolt 2
2051,Sanzaru Games,Sonic Boom: Fire & Ice
2052,Rocksteady Studios,Batman: Arkham VR
2053,Sony Interactive Entertainment,PlayStation VR WORLDS
2054,Drool,Thumper
2055,KOKOROMI,SuperHyperCube
2056,SuperMassive Games,Until Dawn: Rush of Blood
2057,Intelligent Systems,Paper Mario: Color Splash
2058,Level 5,Yo-Kai Watch 2
2059,The Coalition,Gears of War 4
2060,Rebellion,Battlezone
2061,UGA,Rez
2062,Enhance Games,Rez
2063,HexaDrive,Rez
2064,Trion Worlds,Atlas Reactor
2065,Code Horizon,Giant Machines 2017
2066,Gearbox Software,Duke Nukem 3D: 20th Anniversary World Tour
2067,Hangar 13,Mafia III
2068,Toys for Bob,Skylanders Imaginators
2069,Flying Wild Hog,Shadow Warrior 2
2070,Guerilla Cambridge,RIGS: Mechanized Combat League
2071,EA DICE,Battlefield 1
2072,Funhouse,Eagle Flight
2073,Yuke's,WWE 2K17
2074,Grasshopper Manufacture,The Silver Case
2075,No Goblin,100ft Robot Golf
2076,Respawn Entertainment,Titanfall 2
2077,Firaxis Games,Sid Meier's Civilization VI
2078,Square Enix,World of Final Fantasy
2079,Transhuman Design,BUTCHER
2080,From Software,Dark Souls III
2081,FDG,Oceanhorn: Monster of Uncharted Seas
2082,Cornfox & Bros.,Oceanhorn: Monster of Uncharted Seas
2083,D-Pad Studio,Owlboy
2084,Telltale Games,Batman: The Telltale Series
2085,Infinity Ward,Call of Duty: Infinite Warfare
